"sponsor","data_name","legiscan_id","term","chamber","district","party","LES","LES_rank","BILL_wshare","AIC_wshare","ABC_wshare","PASS_wshare","LAW_wshare","all_bills","all_aic","all_abc","all_pass","all_law","ss_bills","ss_aic","ss_abc","ss_pass","ss_law","s_bills","s_aic","s_abc","s_pass","s_law","c_bills","c_aic","c_abc","c_pass","c_law","LES_nw","num_sponsored_bills","sponsor_pass_rate","sponsor_law_rate","num_cosponsored_bills"
"Shannon Bird","s. bird",20127,"2023_2024","House","HD-029","D",9.61487877034163,1,0.123807360290777,0.123807360290777,0.144988738738739,0.147058823529412,0.157068062827225,106,106,100,100,99,3,3,3,3,3,103,103,97,97,96,0,0,0,0,0,10.437462710792,106,0.943396226415094,0.933962264150943,NA
"Judith Amabile","j. amabile",22219,"2023_2024","House","HD-049","D",3.63673719695652,2,0.046569741026806,0.046569741026806,0.0563063063063063,0.0571102227298686,0.0569756698490915,36,36,35,35,32,5,5,5,5,5,31,31,30,30,27,0,0,0,0,0,3.55178239938379,36,0.972222222222222,0.888888888888889,NA
"Jennifer Bacon","j. bacon",22220,"2023_2024","House","HD-007","D",2.37815096452522,3,0.0352112676056338,0.0352112676056338,0.0351914414414414,0.0328383780696745,0.033877425315676,25,25,19,18,17,6,6,6,5,5,19,19,13,13,12,0,0,0,0,0,2.085276264752,25,0.72,0.68,NA
"Lorena Garcia","l. garcia",24385,"2023_2024","House","HD-035","D",2.07189350665694,4,0.0306678782371649,0.0306678782371649,0.0295608108108108,0.029982866933181,0.0292577764089929,23,23,17,17,15,4,4,4,4,4,19,19,13,13,11,0,0,0,0,0,1.90241089653655,23,0.739130434782609,0.652173913043478,NA
"Monica Duran","m. duran",20148,"2023_2024","House","HD-023","D",2.02475336512216,5,0.026124488868696,0.026124488868696,0.0323761261261261,0.0328383780696745,0.0292577764089929,18,18,18,18,16,5,5,5,5,3,13,13,13,13,13,0,0,0,0,0,1.79795469175539,18,1,0.888888888888889,NA
"Junie Joseph","j. joseph",23956,"2023_2024","House","HD-010","D",1.98899673002869,6,0.026124488868696,0.026124488868696,0.0295608108108108,0.029982866933181,0.0323375423467816,21,21,19,19,19,2,2,2,2,2,19,19,17,17,17,0,0,0,0,0,2.01733210915793,21,0.904761904761905,0.904761904761905,NA
"Andrew Boesenecker","a. boesenecker",22921,"2023_2024","House","HD-053","D",1.91409419181741,7,0.0272603362108133,0.0272603362108133,0.0295608108108108,0.029982866933181,0.0246381275023098,20,20,17,17,13,4,4,4,4,3,16,16,13,13,10,0,0,0,0,0,1.75107727435284,20,0.85,0.65,NA
"Lindsey Daugherty","l. daugherty",22223,"2023_2024","House","HD-024","D",1.81331909764241,8,0.0227169468423444,0.0227169468423444,0.0281531531531532,0.0285551113649343,0.0292577764089929,15,15,15,15,14,5,5,5,5,5,10,10,10,10,9,0,0,0,0,0,1.51424011719072,15,1,0.933333333333333,NA
"Emily Sirota","e. sirota",20024,"2023_2024","House","HD-009","D",1.65111253435184,9,0.02044525215811,0.02044525215811,0.0253378378378378,0.0256996002284409,0.0277178934400986,18,18,18,18,18,0,0,0,0,0,18,18,18,18,18,0,0,0,0,0,1.84578831393909,18,1,1,NA
"Marc Snyder","m. snyder",20138,"2023_2024","House","HD-018","D",1.61247880833594,10,0.0227169468423444,0.0227169468423444,0.0239301801801802,0.0228440890919475,0.0246381275023098,17,17,14,13,13,3,3,3,3,3,14,14,11,10,10,0,0,0,0,0,1.49297409974966,17,0.764705882352941,0.764705882352941,NA
"Meghan Lukens","m. lukens",23960,"2023_2024","House","HD-026","D",1.59073344686362,11,0.02044525215811,0.02044525215811,0.0239301801801802,0.0242718446601942,0.0261780104712042,15,15,14,14,14,3,3,3,3,3,12,12,11,11,11,0,0,0,0,0,1.47011313306374,15,0.933333333333333,0.933333333333333,NA
"Ryan Armagost","r. armagost",23965,"2023_2024","House","HD-064","R",1.56170374601783,12,0.0215810995002272,0.0215810995002272,0.0225225225225225,0.0228440890919475,0.0246381275023098,17,17,14,14,14,2,2,2,2,2,15,15,12,12,12,0,0,0,0,0,1.53911313306374,17,0.823529411764706,0.823529411764706,NA
"Kyle Brown","k. brown",24873,"2023_2024","House","HD-012","D",1.54045336104709,13,0.0215810995002272,0.0215810995002272,0.0225225225225225,0.0228440890919475,0.0230982445334155,17,17,14,14,13,2,2,2,2,2,15,15,12,12,11,0,0,0,0,0,1.51519632197189,17,0.823529411764706,0.764705882352941,NA
"Marc Catlin","m. catlin",19200,"2023_2024","House","HD-058","R",1.37824679775652,14,0.0193094048159927,0.0193094048159927,0.0197072072072072,0.019988577955454,0.0215583615645211,15,15,12,12,12,2,2,2,2,2,13,13,10,10,10,0,0,0,0,0,1.33402554262606,15,0.8,0.8,NA
"Javier Mabrey","j. mabrey",23954,"2023_2024","House","HD-001","D",1.35362434536177,15,0.0193094048159927,0.0193094048159927,0.0211148648648649,0.0214163335237007,0.016938712657838,16,16,14,14,10,1,1,1,1,1,15,15,13,13,9,0,0,0,0,0,1.40894588869632,16,0.875,0.625,NA
"Cathy Kipp","c. kipp",20159,"2023_2024","House","HD-052","D",1.32382231684827,16,0.0181735574738755,0.0181735574738755,0.0211148648648649,0.019988577955454,0.0184785956267324,15,15,14,13,11,1,1,1,1,1,14,14,13,12,10,0,0,0,0,0,1.37614047756595,15,0.866666666666667,0.733333333333333,NA
"Lisa Frizell","l. frizell",23958,"2023_2024","House","HD-045","R",1.31786771026829,17,0.0193094048159927,0.0193094048159927,0.0182995495495495,0.0185608223872073,0.0200184785956267,16,16,12,12,12,1,1,1,1,1,15,15,11,11,11,0,0,0,0,0,1.36852554262606,16,0.75,0.75,NA
"Iman Jodeh","i. jodeh",22225,"2023_2024","House","HD-041","D",1.2909255720769,18,0.0170377101317583,0.0170377101317583,0.0211148648648649,0.0214163335237007,0.016938712657838,10,10,10,10,8,5,5,5,5,3,5,5,5,5,5,0,0,0,0,0,0.977604330004677,10,1,0.8,NA
"Matthew Martinez","m. martinez",23959,"2023_2024","House","HD-062","D",1.25516893698342,19,0.0170377101317583,0.0170377101317583,0.0182995495495495,0.0185608223872073,0.0200184785956267,14,14,12,12,12,1,1,1,1,1,13,13,11,11,11,0,0,0,0,0,1.29952554262606,14,0.857142857142857,0.857142857142857,NA
"William Lindstedt","w. lindstedt",23969,"2023_2024","House","HD-033","D",1.19247016369855,20,0.0147660154475239,0.0147660154475239,0.0182995495495495,0.0185608223872073,0.0200184785956267,12,12,12,12,12,1,1,1,1,1,11,11,11,11,11,0,0,0,0,0,1.23052554262606,12,1,1,NA
"Matt Soper","m. soper",20139,"2023_2024","House","HD-054","R",1.13441076200698,21,0.0170377101317583,0.0170377101317583,0.0154842342342342,0.0157053112507139,0.016938712657838,15,15,11,11,11,0,0,0,0,0,15,15,11,11,11,0,0,0,0,0,1.26598174740722,15,0.733333333333333,0.733333333333333,NA
"Mandy Lindsay","m. lindsay",23046,"2023_2024","House","HD-042","D",1.13209107621033,22,0.0147660154475239,0.0147660154475239,0.0168918918918919,0.0171330668189606,0.0184785956267324,11,11,10,10,10,2,2,2,2,2,9,9,8,8,8,0,0,0,0,0,1.05993795218839,11,0.909090909090909,0.909090909090909,NA
"Mary Bradfield","m. bradfield",22222,"2023_2024","House","HD-021","R",1.11084069123959,23,0.0147660154475239,0.0147660154475239,0.0168918918918919,0.0171330668189606,0.016938712657838,12,12,11,11,10,1,1,1,1,1,11,11,10,10,9,0,0,0,0,0,1.13856493631537,12,0.916666666666667,0.833333333333333,NA
"Elisabeth Epps","e. epps",23951,"2023_2024","House","HD-006","D",1.10978830961223,24,0.0170377101317583,0.0170377101317583,0.0168918918918919,0.0171330668189606,0.0123190637511549,14,14,11,11,7,1,1,1,1,1,13,13,10,10,6,0,0,0,0,0,1.13581450303981,14,0.785714285714286,0.5,NA
"Leslie Herod","l. herod",18721,"2023_2024","House","HD-008","D",1.10074168956789,25,0.0136301681054066,0.0136301681054066,0.0168918918918919,0.0171330668189606,0.0184785956267324,10,10,10,10,10,2,2,2,2,2,8,8,8,8,8,0,0,0,0,0,1.02543795218839,10,1,1,NA
"Brandi Bradley","b. bradley",23950,"2023_2024","House","HD-039","R",0.94212211624326,26,0.0181735574738755,0.0181735574738755,0.0112612612612613,0.0114220445459737,0.00923929781336618,15,15,7,7,5,1,1,1,1,1,14,14,6,6,4,0,0,0,0,0,0.945972944348161,15,0.466666666666667,0.333333333333333,NA
"Meg Froelich","m. froelich",20739,"2023_2024","House","HD-003","D",0.857400630319937,27,0.0136301681054066,0.0136301681054066,0.0126689189189189,0.0114220445459737,0.0107791807822605,12,12,9,8,7,0,0,0,0,0,12,12,9,8,7,0,0,0,0,0,0.956338312563616,12,0.666666666666667,0.583333333333333,NA
"Tisha Mauro","t. mauro",24616,"2023_2024","House","HD-046","D",0.856905653818356,28,0.0113584734211722,0.0113584734211722,0.0126689189189189,0.0128498001142204,0.0138589467200493,8,8,7,7,7,2,2,2,2,2,6,6,5,5,5,0,0,0,0,0,0.75230656653187,8,0.875,0.875,NA
"Eliza Hamrick","e. hamrick",24384,"2023_2024","House","HD-061","D",0.855853272191,29,0.0136301681054066,0.0136301681054066,0.0126689189189189,0.0128498001142204,0.00923929781336618,11,11,8,8,6,1,1,1,1,0,10,10,7,7,6,0,0,0,0,0,0.876016739567,11,0.727272727272727,0.545454545454545,NA
"Jennifer Parenti","j. parenti",24407,"2023_2024","House","HD-019","D",0.84392956122424,30,0.0124943207632894,0.0124943207632894,0.0140765765765766,0.0128498001142204,0.00923929781336618,9,9,8,7,5,2,2,2,2,1,7,7,6,5,4,0,0,0,0,0,0.760877706252923,9,0.777777777777778,0.555555555555556,NA
"Regina English","r. english",23961,"2023_2024","House","HD-017","D",0.837974954644262,31,0.0136301681054066,0.0136301681054066,0.0112612612612613,0.0114220445459737,0.0107791807822605,12,12,8,8,7,0,0,0,0,0,12,12,8,8,7,0,0,0,0,0,0.934433550658854,12,0.666666666666667,0.583333333333333,NA
"Bob Marshall","b. marshall",23949,"2023_2024","House","HD-043","D",0.736642455343492,32,0.0136301681054066,0.0136301681054066,0.0098536036036036,0.0085665334094803,0.00769941484447182,12,12,7,6,5,0,0,0,0,0,12,12,7,6,5,0,0,0,0,0,0.820250722125939,12,0.5,0.416666666666667,NA
"Brianna Titone","b. titone",20142,"2023_2024","House","HD-027","D",0.733827793045263,33,0.00908677873693776,0.00908677873693776,0.0112612612612613,0.0114220445459737,0.0123190637511549,7,7,7,7,7,1,1,1,1,1,6,6,6,6,6,0,0,0,0,0,0.71780656653187,7,1,1,NA
"David Ortiz","d. ortiz",22229,"2023_2024","House","HD-038","D",0.714897093871169,34,0.0113584734211722,0.0113584734211722,0.0098536036036036,0.00999428897772701,0.00923929781336618,10,10,7,7,6,0,0,0,0,0,10,10,7,7,6,0,0,0,0,0,0.797389755440016,10,0.7,0.6,NA
"Anthony Hartsook","a. hartsook",23948,"2023_2024","House","HD-044","R",0.704798092199475,35,0.010222626079055,0.010222626079055,0.0098536036036036,0.00999428897772701,0.0107791807822605,9,9,7,7,7,0,0,0,0,0,9,9,7,7,7,0,0,0,0,0,0.78680656653187,9,0.777777777777778,0.777777777777778,NA
"Julie McCluskie","j. mccluskie",20025,"2023_2024","House","HD-013","D",0.642099318914605,36,0.00795093139482054,0.00795093139482054,0.0098536036036036,0.00999428897772701,0.0107791807822605,6,6,6,6,6,1,1,1,1,1,5,5,5,5,5,0,0,0,0,0,0.615262771313031,6,1,1,NA
"Rod Bockenfeld","r. bockenfeld",20128,"2023_2024","House","HD-056","R",0.617708989662113,37,0.0136301681054066,0.0136301681054066,0.00563063063063063,0.00571102227298686,0.00615953187557746,11,11,3,3,3,1,1,1,1,1,10,10,2,2,2,0,0,0,0,0,0.583631385656516,11,0.272727272727273,0.272727272727273,NA
"Barbara McLachlan","b. mclachlan",18711,"2023_2024","House","HD-059","D",0.613069618068818,38,0.00908677873693776,0.00908677873693776,0.00844594594594595,0.0085665334094803,0.00923929781336618,8,8,6,6,6,0,0,0,0,0,8,8,6,6,6,0,0,0,0,0,0.684262771313031,8,0.75,0.75,NA
"Chad Clifford","c. clifford",25044,"2023_2024","House","HD-037","D",0.56046984645564,39,0.00795093139482054,0.00795093139482054,0.00844594594594595,0.0085665334094803,0.00769941484447182,7,7,6,6,5,0,0,0,0,0,7,7,6,6,5,0,0,0,0,0,0.625845960221177,7,0.857142857142857,0.714285714285714,NA
"Sheila Lieder","s. lieder",23967,"2023_2024","House","HD-028","D",0.552690530580595,40,0.00908677873693776,0.00908677873693776,0.00703828828828829,0.00713877784123358,0.00769941484447182,7,7,4,4,4,1,1,1,1,1,6,6,3,3,3,0,0,0,0,0,0.513675180875354,7,0.571428571428571,0.571428571428571,NA
"Stephanie Vigil","s. vigil",24408,"2023_2024","House","HD-016","D",0.552690530580595,41,0.00908677873693776,0.00908677873693776,0.00703828828828829,0.00713877784123358,0.00769941484447182,6,6,3,3,3,2,2,2,2,2,4,4,1,1,1,0,0,0,0,0,0.411131385656516,6,0.5,0.5,NA
"Elizabeth Velasco","e. velasco",23952,"2023_2024","House","HD-057","D",0.550370844783947,42,0.00681508405270332,0.00681508405270332,0.00844594594594595,0.0085665334094803,0.00923929781336618,6,6,6,6,6,0,0,0,0,0,6,6,6,6,6,0,0,0,0,0,0.615262771313031,6,1,1,NA
"Ruby Dickson","r. dickson",24406,"2023_2024","House","HD-037","D",0.550370844783947,43,0.00681508405270332,0.00681508405270332,0.00844594594594595,0.0085665334094803,0.00923929781336618,4,4,4,4,4,2,2,2,2,2,2,2,2,2,2,0,0,0,0,0,0.410175180875354,4,1,1,NA
"Michael Lynch","m. lynch",22227,"2023_2024","House","HD-065","R",0.525980515531456,44,0.0124943207632894,0.0124943207632894,0.00422297297297297,0.00428326670474015,0.00461964890668309,10,10,2,2,2,1,1,1,1,1,9,9,1,1,1,0,0,0,0,0,0.481087590437677,10,0.2,0.2,NA
"Ken Degraaf","k. degraaf",23957,"2023_2024","House","HD-022","R",0.496950814685668,45,0.0136301681054066,0.0136301681054066,0.00281531531531532,0.00285551113649343,0.00307976593778873,11,11,1,1,1,1,1,1,1,1,10,10,0,0,0,0,0,0,0,0,0.447543795218839,11,0.0909090909090909,0.0909090909090909,NA
"Gabe Evans","g. evans",23953,"2023_2024","House","HD-048","R",0.492311443092372,46,0.00908677873693776,0.00908677873693776,0.00563063063063063,0.00571102227298686,0.00615953187557746,8,8,4,4,4,0,0,0,0,0,8,8,4,4,4,0,0,0,0,0,0.548175180875354,8,0.5,0.5,NA
"Rick Taggart","r. taggart",23962,"2023_2024","House","HD-055","R",0.489991757295724,47,0.00681508405270332,0.00681508405270332,0.00703828828828829,0.00713877784123358,0.00769941484447182,5,5,4,4,4,1,1,1,1,1,4,4,3,3,3,0,0,0,0,0,0.444675180875354,5,0.8,0.8,NA
"Richard Holtorf","r. holtorf",21496,"2023_2024","House","HD-063","R",0.479307751276069,48,0.00817810086324398,0.00817810086324398,0.00591216216216216,0.00599657338663621,0.00646750846935633,8,8,5,5,5,0,0,0,0,0,7,7,4,4,4,1,1,1,1,1,0.616218976094193,8,0.625,0.625,NA
"Serena Gonzales-Gutierrez","s. gonzales-gutierrez",20134,"2023_2024","House","HD-004","D",0.45623265701026,49,0.00817810086324398,0.00817810086324398,0.00731981981981982,0.00599657338663621,0.0033877425315676,8,8,6,5,3,0,0,0,0,0,7,7,5,4,2,1,1,1,1,1,0.590290115815246,8,0.625,0.375,NA
"Michael Weissman","m. weissman",18723,"2023_2024","House","HD-036","D",0.437391985682547,50,0.0056792367105861,0.0056792367105861,0.00703828828828829,0.00713877784123358,0.00615953187557746,4,4,4,4,3,1,1,1,1,1,3,3,3,3,2,0,0,0,0,0,0.3862583697835,4,1,0.75,NA
"Karen McCormick","k. mccormick",22228,"2023_2024","House","HD-011","D",0.429612669807502,51,0.00681508405270332,0.00681508405270332,0.00563063063063063,0.00571102227298686,0.00615953187557746,5,5,3,3,3,1,1,1,1,1,4,4,2,2,2,0,0,0,0,0,0.376631385656516,5,0.6,0.6,NA
"Alex Valdez","a. valdez",20143,"2023_2024","House","HD-005","D",0.40836228483676,52,0.00681508405270332,0.00681508405270332,0.00563063063063063,0.00571102227298686,0.00461964890668309,6,6,4,4,3,0,0,0,0,0,6,6,4,4,3,0,0,0,0,0,0.4552583697835,6,0.666666666666667,0.5,NA
"Naquetta Ricks","n. ricks",22231,"2023_2024","House","HD-040","D",0.40836228483676,53,0.00681508405270332,0.00681508405270332,0.00563063063063063,0.00571102227298686,0.00461964890668309,6,6,4,4,3,0,0,0,0,0,6,6,4,4,3,0,0,0,0,0,0.4552583697835,6,0.666666666666667,0.5,NA
"Dafna Michaelson Jenet","d. michaelson jenet",18713,"2023_2024","House","HD-032","D",0.366913896522631,54,0.00454338936846888,0.00454338936846888,0.00563063063063063,0.00571102227298686,0.00615953187557746,4,4,4,4,4,0,0,0,0,0,4,4,4,4,4,0,0,0,0,0,0.410175180875354,4,1,1,NA
"Jenny Willford","j. willford",23955,"2023_2024","House","HD-034","D",0.366913896522631,55,0.00454338936846888,0.00454338936846888,0.00563063063063063,0.00571102227298686,0.00615953187557746,3,3,3,3,3,1,1,1,1,1,2,2,2,2,2,0,0,0,0,0,0.307631385656516,3,1,1,NA
"Julia Marvin","j. marvin",25123,"2023_2024","House","HD-031","D",0.366913896522631,56,0.00454338936846888,0.00454338936846888,0.00563063063063063,0.00571102227298686,0.00615953187557746,4,4,4,4,4,0,0,0,0,0,4,4,4,4,4,0,0,0,0,0,0.410175180875354,4,1,1,NA
"Ron Weinberg","r. weinberg",23963,"2023_2024","House","HD-051","R",0.340203881473492,57,0.00795093139482054,0.00795093139482054,0.00281531531531532,0.00285551113649343,0.00307976593778873,7,7,2,2,2,0,0,0,0,0,7,7,2,2,2,0,0,0,0,0,0.377587590437677,7,0.285714285714286,0.285714285714286,NA
"Manny Rutinel","m. rutinel",24966,"2023_2024","House","HD-035","D",0.306534809034409,58,0.00454338936846888,0.00454338936846888,0.00422297297297297,0.00428326670474015,0.00461964890668309,4,4,3,3,3,0,0,0,0,0,4,4,3,3,3,0,0,0,0,0,0.342131385656516,4,0.75,0.75,NA
"Tammy Story","t. story",20032,"2023_2024","House","HD-025","D",0.306534809034409,59,0.00454338936846888,0.00454338936846888,0.00422297297297297,0.00428326670474015,0.00461964890668309,4,4,3,3,3,0,0,0,0,0,4,4,3,3,3,0,0,0,0,0,0.342131385656516,4,0.75,0.75,NA
"Scott Bottoms","s. bottoms",23996,"2023_2024","House","HD-015","R",0.250795093139482,60,0.00908677873693776,0.00908677873693776,0,0,0,8,8,0,0,0,0,0,0,0,0,8,8,0,0,0,0,0,0,0,0,0.276,8,0,0,NA
"Ty Winter","t. winter",23968,"2023_2024","House","HD-047","R",0.219445706497047,61,0.00795093139482054,0.00795093139482054,0,0,0,7,7,0,0,0,0,0,0,0,0,7,7,0,0,0,0,0,0,0,0,0.2415,7,0,0,NA
"Tim Hernandez","t. hernandez",24967,"2023_2024","House","HD-004","D",0.214806334903751,62,0.00340754202635166,0.00340754202635166,0.00281531531531532,0.00285551113649343,0.00307976593778873,3,3,2,2,2,0,0,0,0,0,3,3,2,2,2,0,0,0,0,0,0.239587590437677,3,0.666666666666667,0.666666666666667,NA
"Rose Pugliese","r. pugliese",23964,"2023_2024","House","HD-014","R",0.205202309733639,63,0.00454338936846888,0.00454338936846888,0.00281531531531532,0.00142775556824672,0.00153988296889436,4,4,2,1,1,0,0,0,0,0,4,4,2,1,1,0,0,0,0,0,0.2279485571236,4,0.25,0.25,NA
"Don Wilson","d. wilson",23971,"2023_2024","House","HD-020","R",0.156746933212176,64,0.0056792367105861,0.0056792367105861,0,0,0,5,5,0,0,0,0,0,0,0,0,5,5,0,0,0,0,0,0,0,0,0.1725,5,0,0,NA
"Stephanie Luck","s. luck",22226,"2023_2024","House","HD-060","R",0.144823222245417,65,0.00454338936846888,0.00454338936846888,0.00140765765765766,0,0,4,4,1,0,0,0,0,0,0,0,4,4,1,0,0,0,0,0,0,0,0.159904761904762,4,0,0,NA
"Mary Young","m. young",21455,"2023_2024","House","HD-050","D",0.0917284741306578,66,0.00113584734211722,0.00113584734211722,0.00140765765765766,0.00142775556824672,0.00153988296889436,1,1,1,1,1,0,0,0,0,0,1,1,1,1,1,0,0,0,0,0,0.102543795218839,1,1,1,NA
"Said Sharbini","s. sharbini",23966,"2023_2024","House","HD-031","D",0.0917284741306578,67,0.00113584734211722,0.00113584734211722,0.00140765765765766,0.00142775556824672,0.00153988296889436,1,1,1,1,1,0,0,0,0,0,1,1,1,1,1,0,0,0,0,0,0.102543795218839,1,1,1,NA
"Steven Woodrow","s. woodrow",21549,"2023_2024","House","HD-002","D",0.0917284741306578,68,0.00113584734211722,0.00113584734211722,0.00140765765765766,0.00142775556824672,0.00153988296889436,1,1,1,1,1,0,0,0,0,0,1,1,1,1,1,0,0,0,0,0,0.102543795218839,1,1,1,NA
"Chris Kennedy","c. degruy kennedy",18712,"2023_2024","House","HD-030","D",0.0313493866424353,69,0.00113584734211722,0.00113584734211722,0,0,0,1,1,0,0,0,0,0,0,0,0,1,1,0,0,0,0,0,0,0,0,0.0345,1,0,0,NA
"Jeff Bridges","j. bridges",19048,"2023_2024","Senate","SD-026","D",3.00506090793098,1,0.0765136393878909,0.0749750083305565,0.0828197226502311,0.0839515814135103,0.0878293601003764,43,42,40,40,39,3,3,3,3,3,40,39,37,37,36,0,0,0,0,0,3.12266722625947,43,0.930232558139535,0.906976744186046,NA
"Barbara Kirkmeyer","b. kirkmeyer",22456,"2023_2024","Senate","SD-023","R",2.8734530490938,2,0.0748502994011976,0.0749750083305565,0.0789676425269646,0.0800468566966029,0.0794646591384358,45,45,41,41,38,0,0,0,0,0,45,45,41,41,38,0,0,0,0,0,3.20543103994348,45,0.911111111111111,0.844444444444444,NA
"Lisa Cutter","l. cutter",20131,"2023_2024","Senate","SD-020","D",2.37628865304091,3,0.0632069194943446,0.0633122292569144,0.0654853620955316,0.0663803201874268,0.0627352572145546,33,33,29,29,26,5,5,5,5,4,28,28,24,24,22,0,0,0,0,0,2.283789290846,33,0.878787878787879,0.787878787878788,NA
"Steve Fenberg","s. fenberg",18729,"2023_2024","Senate","SD-018","D",2.04890972867742,4,0.0499001996007984,0.0499833388870377,0.0577812018489985,0.0585708707536119,0.0606440819740694,25,25,25,25,24,5,5,5,5,5,20,20,20,20,19,0,0,0,0,0,1.90267521258055,25,1,0.96,NA
"Rachel Zenzinger","r. zenzinger",16096,"2023_2024","Senate","SD-019","D",1.99557161127511,5,0.0482368596141051,0.0483172275908031,0.0558551617873652,0.0566185083951581,0.0606440819740694,27,27,27,27,27,2,2,2,2,2,25,25,25,25,25,0,0,0,0,0,2.07369393546934,27,1,1,NA
"Dylan Roberts","d. roberts",19512,"2023_2024","Senate","SD-008","D",1.85163452884579,6,0.0465735196274118,0.0466511162945685,0.0520030816640986,0.0527137836782507,0.0522793810121288,22,22,21,21,19,6,6,6,6,6,16,16,15,15,13,0,0,0,0,0,1.60523045433668,22,0.954545454545455,0.863636363636364,NA
"Rhonda Fields","r. fields",11607,"2023_2024","Senate","SD-028","D",1.77875947624891,7,0.0465735196274118,0.0466511162945685,0.048151001540832,0.0488090589613432,0.0501882057716437,24,24,21,21,20,4,4,4,4,4,20,20,17,17,16,0,0,0,0,0,1.67700406469826,24,0.875,0.833333333333333,NA
"Nick Hinrichsen","n. hinrichsen",23104,"2023_2024","Senate","SD-003","D",1.72948359726158,8,0.0432468396540253,0.0433188937020993,0.048151001540832,0.0488090589613432,0.0501882057716437,22,22,21,21,20,4,4,4,4,4,18,18,17,17,16,0,0,0,0,0,1.62264221904256,22,0.954545454545455,0.909090909090909,NA
"Bob Gardner","b. gardner",18726,"2023_2024","Senate","SD-012","R",1.47697491164505,9,0.0435795076513639,0.0436521159613462,0.0389060092449923,0.0374853572823116,0.0359682141363446,26,26,20,19,17,1,1,1,1,1,24,24,18,17,15,1,1,1,1,1,1.63069175450314,26,0.730769230769231,0.653846153846154,NA
"James Coleman","j. coleman",18939,"2023_2024","Senate","SD-033","D",1.16738539100238,10,0.0332667997338656,0.0333222259246918,0.0327426810477658,0.0312377977352597,0.027185278126307,16,16,13,12,10,4,4,4,4,3,12,12,9,8,7,0,0,0,0,0,1.0115246323794,16,0.75,0.625,NA
"Joann Ginal","j. ginal",14268,"2023_2024","Senate","SD-014","D",1.14274745150872,11,0.0316034597471723,0.0316561146284572,0.0327426810477658,0.0312377977352597,0.027185278126307,19,19,17,16,13,0,0,0,0,0,19,19,17,16,13,0,0,0,0,0,1.2741458612115,19,0.842105263157895,0.68421052631579,NA
"Janice Marchman","j. marchman",23970,"2023_2024","Senate","SD-015","D",1.11016826962448,12,0.0282767797737858,0.028323892035988,0.0308166409861325,0.0312377977352597,0.0313676286072773,14,14,13,13,12,3,3,3,3,3,11,11,10,10,9,0,0,0,0,0,1.00821438631091,14,0.928571428571429,0.857142857142857,NA
"Janet Buckner","j. buckner",18719,"2023_2024","Senate","SD-029","D",1.1061060312095,13,0.029940119760479,0.0299900033322226,0.0288906009244992,0.0292854353768059,0.0313676286072773,16,16,13,13,13,2,2,2,2,2,14,14,11,11,11,0,0,0,0,0,1.07998799667248,16,0.8125,0.8125,NA
"Julie Gonzales","j. gonzales",20029,"2023_2024","Senate","SD-034","D",1.08146809171584,14,0.0282767797737858,0.028323892035988,0.0288906009244992,0.0292854353768059,0.0313676286072773,14,14,12,12,12,3,3,3,3,3,11,11,9,9,9,0,0,0,0,0,0.976003594753179,14,0.857142857142857,0.857142857142857,NA
"Mark Baisley","m. baisley",20126,"2023_2024","Senate","SD-004","R",1.06478294516983,15,0.0332667997338656,0.0333222259246918,0.0269645608628659,0.0273330730183522,0.0230029276453367,18,18,12,12,10,2,2,2,2,1,16,16,10,10,9,0,0,0,0,0,1.0499037566528,18,0.666666666666667,0.555555555555556,NA
"Jessie Danielson","j. danielson",16583,"2023_2024","Senate","SD-022","D",1.05683015222217,16,0.0266134397870925,0.0266577807397534,0.0288906009244992,0.0292854353768059,0.0313676286072773,14,14,13,13,13,2,2,2,2,2,12,12,11,11,11,0,0,0,0,0,1.02562615101679,14,0.928571428571429,0.928571428571429,NA
"Chris Hansen","c. hansen",19205,"2023_2024","Senate","SD-031","D",1.01956930459748,17,0.0282767797737858,0.028323892035988,0.0288906009244992,0.0292854353768059,0.0230029276453367,16,16,14,14,10,1,1,1,1,1,15,15,13,13,9,0,0,0,0,0,1.05996349411256,16,0.875,0.625,NA
"Sonya Jaquez Lewis","s. jaquez lewis",20027,"2023_2024","Senate","SD-017","D",0.943659228912653,18,0.029940119760479,0.0299900033322226,0.0231124807395994,0.021475985942991,0.0230029276453367,16,16,10,9,9,2,2,2,2,2,14,14,8,7,7,0,0,0,0,0,0.89748049300033,16,0.5625,0.5625,NA
"Robert Rodriguez","r. rodriguez",20031,"2023_2024","Senate","SD-032","D",0.830854774481901,19,0.0232867598137059,0.0233255581472842,0.0211864406779661,0.021475985942991,0.0230029276453367,12,12,9,9,9,2,2,2,2,2,10,10,7,7,7,0,0,0,0,0,0.772774080306654,12,0.75,0.75,NA
"Kyle Mullica","k. mullica",20136,"2023_2024","Senate","SD-024","D",0.823321320092884,20,0.0249500998003992,0.0249916694435188,0.0231124807395994,0.021475985942991,0.0167294019238812,14,14,11,10,7,1,1,1,1,1,13,13,10,9,6,0,0,0,0,0,0.8405059094906,14,0.714285714285714,0.5,NA
"Thomas Exum","t. exum",15133,"2023_2024","Senate","SD-011","D",0.712766081312668,21,0.0182967398536261,0.0183272242585805,0.0192604006163328,0.0195236235845373,0.0209117524048515,10,10,9,9,9,1,1,1,1,1,9,9,8,8,8,0,0,0,0,0,0.718412234650961,10,0.9,0.9,NA
"Faith Winter","f. winter",16581,"2023_2024","Senate","SD-025","D",0.668591206624435,22,0.0182967398536261,0.0183272242585805,0.0173343605546995,0.0175712612260836,0.0188205771643664,10,10,8,8,8,1,1,1,1,1,9,9,7,7,7,0,0,0,0,0,0.66878967838735,10,0.8,0.8,NA
"Dafna Michaelson Jenet","d. michaelson jenet",18713,"2023_2024","Senate","SD-021","D",0.619315327637102,23,0.0149700598802395,0.0149950016661113,0.0173343605546995,0.0175712612260836,0.0188205771643664,9,9,9,9,9,0,0,0,0,0,9,9,9,9,9,0,0,0,0,0,0.691231311823114,9,1,1,NA
"Paul Lundeen","p. lundeen",16509,"2023_2024","Senate","SD-009","R",0.599778392442535,24,0.0166333998669328,0.0166611129623459,0.0154083204930663,0.0156188988676298,0.0167294019238812,9,9,7,7,7,1,1,1,1,1,8,8,6,6,6,0,0,0,0,0,0.591986199295893,9,0.777777777777778,0.777777777777778,NA
"Kevin Priola","k. priola",3323,"2023_2024","Senate","SD-013","D",0.54521827471672,25,0.0149700598802395,0.0149950016661113,0.0154083204930663,0.0136665365091761,0.0146382266833961,8,8,7,6,6,1,1,1,1,1,7,7,6,5,5,0,0,0,0,0,0.531165441586726,8,0.75,0.75,NA
"Chris Kolker","c. kolker",22458,"2023_2024","Senate","SD-016","D",0.54012882097471,26,0.0166333998669328,0.0166611129623459,0.013482280431433,0.0136665365091761,0.0125470514429109,10,10,7,7,6,0,0,0,0,0,10,10,7,7,6,0,0,0,0,0,0.601755357417858,10,0.7,0.6,NA
"Dominick Moreno","d. moreno",14277,"2023_2024","Senate","SD-021","D",0.535027816675612,27,0.0133067198935462,0.0133288903698767,0.0154083204930663,0.0156188988676298,0.0146382266833961,8,8,8,8,7,0,0,0,0,0,8,8,8,8,7,0,0,0,0,0,0.597016068025774,8,1,0.875,NA
"Janice Rich","j. rich",20137,"2023_2024","Senate","SD-007","R",0.393339949896834,28,0.011643379906853,0.0116627790736421,0.00963020030816641,0.00976181179226865,0.0104558762024258,7,7,5,5,5,0,0,0,0,0,7,7,5,5,5,0,0,0,0,0,0.438379241112979,7,0.714285714285714,0.714285714285714,NA
"Kevin Van Winkle","k. van winkle",16578,"2023_2024","Senate","SD-030","R",0.304990200520366,29,0.011643379906853,0.0116627790736421,0.00577812018489985,0.00585708707536119,0.00627352572145546,7,7,3,3,3,0,0,0,0,0,7,7,3,3,3,0,0,0,0,0,0.339134128585758,7,0.428571428571429,0.428571428571429,NA
"Rod Pelton","r. pelton",20026,"2023_2024","Senate","SD-035","R",0.299889196221267,30,0.0083166999334664,0.00833055648117294,0.00770416024653313,0.00780944943381492,0.00836470096194061,5,5,4,4,4,0,0,0,0,0,5,5,4,4,4,0,0,0,0,0,0.334394839193675,5,0.8,0.8,NA
"Larry Liston","l. liston",3329,"2023_2024","Senate","SD-010","R",0.285453265325798,31,0.0133067198935462,0.0133288903698767,0.00385208012326656,0.00390472471690746,0.00418235048097031,8,8,2,2,2,0,0,0,0,0,8,8,2,2,2,0,0,0,0,0,0.316692495149995,8,0.25,0.25,NA
"Tom Sullivan","t. sullivan",20140,"2023_2024","Senate","SD-027","D",0.255714321533033,32,0.0083166999334664,0.00833055648117294,0.00577812018489985,0.00585708707536119,0.00627352572145546,4,4,2,2,2,1,1,1,1,1,3,3,1,1,1,0,0,0,0,0,0.207968803838608,4,0.5,0.5,NA
"Byron Pelton","b. pelton",23972,"2023_2024","Senate","SD-001","R",0.250430082794552,33,0.00998003992015968,0.00999666777740753,0.00577812018489985,0.00390472471690746,0.00418235048097031,6,6,3,2,2,0,0,0,0,0,6,6,3,2,2,0,0,0,0,0,0.278313370876591,6,0.333333333333333,0.333333333333333,NA
"Cleave Simpson","c. simpson",22457,"2023_2024","Senate","SD-006","R",0.231076382039367,34,0.00665335994677312,0.00666444518493835,0.00577812018489985,0.00585708707536119,0.00627352572145546,4,4,3,3,3,0,0,0,0,0,4,4,3,3,3,0,0,0,0,0,0.257591360102218,4,0.75,0.75,NA
"Perry Will","p. will",21293,"2023_2024","Senate","SD-005","R",0.206438442545701,35,0.00499001996007984,0.00499833388870377,0.00577812018489985,0.00585708707536119,0.00627352572145546,3,3,3,3,3,0,0,0,0,0,3,3,3,3,3,0,0,0,0,0,0.230410437274371,3,1,1,NA
"Jim Smallwood","j. smallwood",18728,"2023_2024","Senate","SD-002","R",0.0688128141819002,36,0.00166333998669328,0.00166611129623459,0.00192604006163328,0.00195236235845373,0.00209117524048515,1,1,1,1,1,0,0,0,0,0,1,1,1,1,1,0,0,0,0,0,0.0768034790914571,1,1,1,NA
"Robert Rankin",NA,15135,"2023_2024","Senate","SD-008","R",0,37,0,0,0,0,0,0,0,0,0,0,0,0,0,0,0,0,0,0,0,0,0,0,0,0,0,0,0,0,0,NA
