"klarner_id","party","district","year","sen"
322551,"D","HD-001",2016,0
322553,"D","HD-002",2016,0
362279,"D","HD-003",2016,0
295923,"D","HD-004",2016,0
295924,"D","HD-005",2016,0
362285,"D","HD-006",2016,0
362286,"D","HD-007",2016,0
362287,"D","HD-008",2016,0
309300,"D","HD-009",2016,0
362293,"D","HD-010",2016,0
309304,"D","HD-011",2016,0
309307,"D","HD-012",2016,0
322574,"D","HD-013",2016,0
309313,"R","HD-014",2016,0
19889,"R","HD-015",2016,0
260060,"R","HD-016",2016,0
309323,"D","HD-017",2016,0
283519,"D","HD-018",2016,0
322587,"R","HD-019",2016,0
322588,"R","HD-020",2016,0
309335,"R","HD-021",2016,0
309338,"R","HD-022",2016,0
322660,"D","HD-023",2016,0
322598,"D","HD-024",2016,0
271343,"R","HD-025",2016,0
309349,"D","HD-026",2016,0
309246,"R","HD-027",2016,0
309355,"D","HD-028",2016,0
309358,"D","HD-029",2016,0
362342,"D","HD-030",2016,0
309363,"D","HD-031",2016,0
362346,"D","HD-032",2016,0
362349,"D","HD-033",2016,0
309371,"D","HD-034",2016,0
322621,"D","HD-035",2016,0
362361,"D","HD-036",2016,0
19916,"R","HD-037",2016,0
362364,"R","HD-038",2016,0
309385,"R","HD-039",2016,0
309387,"D","HD-040",2016,0
309390,"D","HD-041",2016,0
362375,"D","HD-042",2016,0
322638,"R","HD-043",2016,0
337406,"R","HD-044",2016,0
322642,"R","HD-045",2016,0
322643,"D","HD-046",2016,0
309403,"R","HD-047",2016,0
309405,"R","HD-048",2016,0
309407,"R","HD-049",2016,0
309409,"D","HD-050",2016,0
362398,"R","HD-051",2016,0
309414,"D","HD-052",2016,0
322656,"D","HD-053",2016,0
322659,"R","HD-054",2016,0
322662,"R","HD-055",2016,0
362408,"R","HD-056",2016,0
295881,"R","HD-057",2016,0
296024,"R","HD-058",2016,0
362427,"D","HD-059",2016,0
309435,"R","HD-060",2016,0
309440,"D","HD-061",2016,0
362463,"D","HD-062",2016,0
309444,"R","HD-063",2016,0
362483,"R","HD-064",2016,0
296036,"R","HD-065",2016,0
362173,"R","SD-004",2016,1
283661,"R","SD-008",2016,1
295889,"R","SD-010",2016,1
271389,"R","SD-012",2016,1
260138,"D","SD-014",2016,1
19023,"D","SD-017",2016,1
362195,"D","SD-018",2016,1
322535,"D","SD-019",2016,1
309366,"D","SD-021",2016,1
309253,"R","SD-023",2016,1
283608,"R","SD-025",2016,1
295919,"D","SD-026",2016,1
322627,"R","SD-027",2016,1
260115,"D","SD-028",2016,1
295994,"D","SD-029",2016,1
283559,"D","SD-031",2016,1
295929,"D","SD-033",2016,1
309276,"R","SD-035",2016,1
322551,"D","HD-001",2014,0
322552,"R","HD-001",2014,0
322553,"D","HD-002",2014,0
322555,"R","HD-002",2014,0
295919,"D","HD-003",2014,0
322557,"R","HD-003",2014,0
295923,"D","HD-004",2014,0
309286,"R","HD-004",2014,0
295924,"D","HD-005",2014,0
295925,"R","HD-005",2014,0
283559,"D","HD-006",2014,0
322563,"R","HD-006",2014,0
295929,"D","HD-007",2014,0
309272,"R","HD-007",2014,0
283563,"D","HD-008",2014,0
322567,"R","HD-008",2014,0
309300,"D","HD-009",2014,0
309299,"R","HD-009",2014,0
283566,"D","HD-010",2014,0
309304,"D","HD-011",2014,0
309241,"R","HD-011",2014,0
309307,"D","HD-012",2014,0
322574,"D","HD-013",2014,0
322575,"R","HD-013",2014,0
322576,"D","HD-014",2014,0
309313,"R","HD-014",2014,0
322578,"D","HD-015",2014,0
322579,"R","HD-015",2014,0
322581,"D","HD-016",2014,0
295942,"R","HD-016",2014,0
309323,"D","HD-017",2014,0
283581,"R","HD-017",2014,0
283519,"D","HD-018",2014,0
322586,"R","HD-018",2014,0
322587,"R","HD-019",2014,0
322588,"R","HD-020",2014,0
309335,"R","HD-021",2014,0
309337,"D","HD-022",2014,0
309338,"R","HD-022",2014,0
295958,"D","HD-023",2014,0
322597,"R","HD-023",2014,0
322598,"D","HD-024",2014,0
322600,"R","HD-024",2014,0
322601,"D","HD-025",2014,0
322602,"R","HD-025",2014,0
309349,"D","HD-026",2014,0
309348,"R","HD-026",2014,0
322606,"D","HD-027",2014,0
283528,"R","HD-027",2014,0
309355,"D","HD-028",2014,0
322609,"R","HD-028",2014,0
309358,"D","HD-029",2014,0
309361,"D","HD-030",2014,0
322612,"R","HD-030",2014,0
309363,"D","HD-031",2014,0
322614,"R","HD-031",2014,0
309366,"D","HD-032",2014,0
295981,"R","HD-032",2014,0
260097,"D","HD-033",2014,0
322618,"R","HD-033",2014,0
309371,"D","HD-034",2014,0
322620,"R","HD-034",2014,0
322621,"D","HD-035",2014,0
322622,"R","HD-035",2014,0
283621,"D","HD-036",2014,0
322624,"R","HD-036",2014,0
322625,"D","HD-037",2014,0
322627,"R","HD-037",2014,0
19230,"D","HD-038",2014,0
295987,"R","HD-038",2014,0
322630,"D","HD-039",2014,0
309385,"R","HD-039",2014,0
309387,"D","HD-040",2014,0
322633,"R","HD-040",2014,0
309390,"D","HD-041",2014,0
295994,"D","HD-042",2014,0
309391,"R","HD-042",2014,0
322637,"D","HD-043",2014,0
322638,"R","HD-043",2014,0
322639,"D","HD-044",2014,0
322640,"R","HD-044",2014,0
322641,"D","HD-045",2014,0
322642,"R","HD-045",2014,0
322643,"D","HD-046",2014,0
322645,"R","HD-046",2014,0
322647,"D","HD-047",2014,0
309403,"R","HD-047",2014,0
309405,"R","HD-048",2014,0
309407,"R","HD-049",2014,0
309409,"D","HD-050",2014,0
322652,"R","HD-050",2014,0
296011,"R","HD-051",2014,0
309414,"D","HD-052",2014,0
322655,"R","HD-052",2014,0
322656,"D","HD-053",2014,0
322657,"R","HD-053",2014,0
322658,"D","HD-054",2014,0
322659,"R","HD-054",2014,0
322660,"D","HD-055",2014,0
322662,"R","HD-055",2014,0
322663,"D","HD-056",2014,0
283608,"R","HD-056",2014,0
295881,"R","HD-057",2014,0
296024,"R","HD-058",2014,0
309432,"D","HD-059",2014,0
296026,"R","HD-059",2014,0
309435,"R","HD-060",2014,0
309440,"D","HD-061",2014,0
296019,"R","HD-061",2014,0
283670,"D","HD-062",2014,0
322673,"R","HD-062",2014,0
322674,"D","HD-063",2014,0
309444,"R","HD-063",2014,0
309446,"R","HD-064",2014,0
296036,"R","HD-065",2014,0
337406,"R","HD-044",2014,0
322517,"NONMAJ","SD-001",2014,1
271478,"R","SD-001",2014,1
295877,"R","SD-002",2014,1
309401,"D","SD-003",2014,1
322521,"R","SD-003",2014,1
322522,"D","SD-005",2014,1
322523,"R","SD-005",2014,1
271468,"R","SD-006",2014,1
295887,"D","SD-007",2014,1
296017,"R","SD-007",2014,1
260065,"R","SD-009",2014,1
18377,"D","SD-011",2014,1
322529,"R","SD-011",2014,1
322530,"D","SD-013",2014,1
322531,"R","SD-013",2014,1
17566,"R","SD-015",2014,1
20092,"D","SD-016",2014,1
322534,"R","SD-016",2014,1
322535,"D","SD-019",2014,1
322537,"R","SD-019",2014,1
18618,"D","SD-020",2014,1
322539,"R","SD-020",2014,1
271398,"D","SD-022",2014,1
322542,"R","SD-022",2014,1
260093,"D","SD-024",2014,1
309362,"R","SD-024",2014,1
322545,"D","SD-030",2014,1
295999,"R","SD-030",2014,1
309270,"D","SD-032",2014,1
322548,"R","SD-032",2014,1
295913,"D","SD-034",2014,1
322550,"R","SD-034",2014,1
271358,"D","HD-001",2012,0
283551,"D","HD-002",2012,0
295919,"D","HD-003",2012,0
295923,"D","HD-004",2012,0
295924,"D","HD-005",2012,0
283559,"D","HD-006",2012,0
295929,"D","HD-007",2012,0
283563,"D","HD-008",2012,0
309300,"D","HD-009",2012,0
283566,"D","HD-010",2012,0
309304,"D","HD-011",2012,0
309307,"D","HD-012",2012,0
271375,"D","HD-013",2012,0
309313,"R","HD-014",2012,0
283577,"R","HD-015",2012,0
295942,"R","HD-016",2012,0
309323,"D","HD-017",2012,0
283519,"D","HD-018",2012,0
271388,"R","HD-019",2012,0
271389,"R","HD-020",2012,0
309335,"R","HD-021",2012,0
309338,"R","HD-022",2012,0
295958,"D","HD-023",2012,0
283595,"D","HD-024",2012,0
283596,"R","HD-025",2012,0
309349,"D","HD-026",2012,0
283528,"R","HD-027",2012,0
309355,"D","HD-028",2012,0
309358,"D","HD-029",2012,0
309361,"D","HD-030",2012,0
309363,"D","HD-031",2012,0
309366,"D","HD-032",2012,0
260097,"D","HD-033",2012,0
309371,"D","HD-034",2012,0
271417,"D","HD-035",2012,0
283621,"D","HD-036",2012,0
271421,"R","HD-037",2012,0
295987,"R","HD-038",2012,0
309385,"R","HD-039",2012,0
309387,"D","HD-040",2012,0
309390,"D","HD-041",2012,0
295994,"D","HD-042",2012,0
271433,"R","HD-043",2012,0
295999,"R","HD-044",2012,0
283640,"R","HD-045",2012,0
309401,"D","HD-046",2012,0
309403,"R","HD-047",2012,0
309405,"R","HD-048",2012,0
309407,"R","HD-049",2012,0
309409,"D","HD-050",2012,0
296011,"R","HD-051",2012,0
309414,"D","HD-052",2012,0
271453,"D","HD-053",2012,0
309418,"R","HD-054",2012,0
296017,"R","HD-055",2012,0
283608,"R","HD-056",2012,0
295881,"R","HD-057",2012,0
296024,"R","HD-058",2012,0
309432,"D","HD-059",2012,0
309435,"R","HD-060",2012,0
309440,"D","HD-061",2012,0
283670,"D","HD-062",2012,0
309444,"R","HD-063",2012,0
309446,"R","HD-064",2012,0
271478,"R","HD-065",2012,0
283513,"R","SD-004",2012,1
283661,"R","SD-008",2012,1
295889,"R","SD-010",2012,1
18265,"R","SD-012",2012,1
260138,"D","SD-014",2012,1
19023,"D","SD-017",2012,1
283526,"D","SD-018",2012,1
17621,"D","SD-019",2012,1
309249,"D","SD-021",2012,1
271398,"D","SD-022",2012,1
309253,"R","SD-023",2012,1
18866,"D","SD-025",2012,1
283536,"D","SD-026",2012,1
260109,"R","SD-027",2012,1
260115,"D","SD-028",2012,1
260101,"D","SD-029",2012,1
295908,"D","SD-031",2012,1
309270,"D","SD-032",2012,1
295911,"D","SD-033",2012,1
309276,"R","SD-035",2012,1
271358,"D","HD-001",2010,0
283551,"D","HD-002",2010,0
295919,"D","HD-003",2010,0
295923,"D","HD-004",2010,0
295924,"D","HD-005",2010,0
283559,"D","HD-006",2010,0
295929,"D","HD-007",2010,0
283563,"D","HD-008",2010,0
283565,"D","HD-009",2010,0
283566,"D","HD-010",2010,0
295935,"D","HD-011",2010,0
19023,"D","HD-012",2010,0
271375,"D","HD-013",2010,0
295942,"R","HD-014",2010,0
283577,"R","HD-015",2010,0
260060,"R","HD-016",2010,0
295948,"R","HD-017",2010,0
283519,"D","HD-018",2010,0
271386,"R","HD-019",2010,0
271388,"R","HD-020",2010,0
271389,"R","HD-021",2010,0
271392,"R","HD-022",2010,0
295958,"D","HD-023",2010,0
283595,"D","HD-024",2010,0
283596,"R","HD-025",2010,0
271398,"D","HD-026",2010,0
283528,"R","HD-027",2010,0
271404,"R","HD-028",2010,0
295970,"R","HD-029",2010,0
283608,"R","HD-030",2010,0
260093,"D","HD-031",2010,0
271411,"D","HD-032",2010,0
295977,"R","HD-033",2010,0
271415,"D","HD-034",2010,0
271417,"D","HD-035",2010,0
283621,"D","HD-036",2010,0
271421,"R","HD-037",2010,0
295987,"R","HD-038",2010,0
260109,"R","HD-039",2010,0
283629,"R","HD-040",2010,0
260115,"D","HD-041",2010,0
295994,"D","HD-042",2010,0
271433,"R","HD-043",2010,0
295999,"R","HD-044",2010,0
283640,"R","HD-045",2010,0
283641,"D","HD-046",2010,0
260127,"R","HD-047",2010,0
271443,"R","HD-048",2010,0
296007,"R","HD-049",2010,0
19637,"D","HD-050",2010,0
296011,"R","HD-051",2010,0
260138,"D","HD-052",2010,0
271453,"D","HD-053",2010,0
296017,"R","HD-054",2010,0
283657,"R","HD-055",2010,0
283660,"D","HD-056",2010,0
283661,"R","HD-057",2010,0
296024,"R","HD-058",2010,0
296026,"R","HD-059",2010,0
260153,"R","HD-060",2010,0
296033,"D","HD-061",2010,0
283670,"D","HD-062",2010,0
296036,"R","HD-063",2010,0
20130,"D","HD-064",2010,0
271478,"R","HD-065",2010,0
20097,"R","SD-001",2010,1
295877,"R","SD-002",2010,1
295879,"D","SD-003",2010,1
271329,"D","SD-005",2010,1
271468,"R","SD-006",2010,1
271457,"R","SD-007",2010,1
260065,"R","SD-009",2010,1
271337,"D","SD-011",2010,1
271339,"R","SD-013",2010,1
17566,"R","SD-015",2010,1
20092,"D","SD-016",2010,1
18618,"D","SD-020",2010,1
271349,"R","SD-022",2010,1
17720,"D","SD-024",2010,1
18447,"R","SD-030",2010,1
295908,"D","SD-031",2010,1
271356,"D","SD-032",2010,1
295911,"D","SD-033",2010,1
295913,"D","SD-034",2010,1
271358,"D","HD-001",2008,0
283551,"D","HD-002",2008,0
260033,"D","HD-003",2008,0
19215,"D","HD-004",2008,0
19579,"D","HD-005",2008,0
283559,"D","HD-006",2008,0
260043,"D","HD-007",2008,0
283563,"D","HD-008",2008,0
283565,"D","HD-009",2008,0
283566,"D","HD-010",2008,0
18111,"D","HD-011",2008,0
17586,"D","HD-012",2008,0
271375,"D","HD-013",2008,0
260065,"R","HD-014",2008,0
283577,"R","HD-015",2008,0
260060,"R","HD-016",2008,0
283580,"D","HD-017",2008,0
18377,"D","HD-018",2008,0
271386,"R","HD-019",2008,0
271388,"R","HD-020",2008,0
271389,"R","HD-021",2008,0
271392,"R","HD-022",2008,0
260074,"D","HD-023",2008,0
283595,"D","HD-024",2008,0
283596,"R","HD-025",2008,0
271398,"D","HD-026",2008,0
18720,"D","HD-027",2008,0
271404,"R","HD-028",2008,0
18793,"D","HD-029",2008,0
283608,"R","HD-030",2008,0
260093,"D","HD-031",2008,0
271411,"D","HD-032",2008,0
260097,"D","HD-033",2008,0
271415,"D","HD-034",2008,0
271417,"D","HD-035",2008,0
283621,"D","HD-036",2008,0
271421,"R","HD-037",2008,0
271423,"D","HD-038",2008,0
260109,"R","HD-039",2008,0
283629,"R","HD-040",2008,0
260115,"D","HD-041",2008,0
283634,"D","HD-042",2008,0
271433,"R","HD-043",2008,0
19386,"R","HD-044",2008,0
283640,"R","HD-045",2008,0
283641,"D","HD-046",2008,0
19446,"D","HD-047",2008,0
271443,"R","HD-048",2008,0
17566,"R","HD-049",2008,0
19637,"D","HD-050",2008,0
271448,"R","HD-051",2008,0
260138,"D","HD-052",2008,0
271453,"D","HD-053",2008,0
271457,"R","HD-054",2008,0
283657,"R","HD-055",2008,0
283660,"D","HD-056",2008,0
283661,"R","HD-057",2008,0
283664,"R","HD-058",2008,0
271468,"R","HD-059",2008,0
260153,"R","HD-060",2008,0
260155,"D","HD-061",2008,0
283670,"D","HD-062",2008,0
271475,"R","HD-063",2008,0
20130,"D","HD-064",2008,0
271478,"R","HD-065",2008,0
283513,"R","SD-004",2008,1
19849,"R","SD-008",2008,1
18265,"R","SD-010",2008,1
18519,"R","SD-012",2008,1
19744,"D","SD-014",2008,1
271461,"D","SD-016",2008,1
260005,"D","SD-017",2008,1
283526,"D","SD-018",2008,1
17621,"D","SD-019",2008,1
18685,"D","SD-021",2008,1
18615,"R","SD-023",2008,1
18866,"D","SD-025",2008,1
283536,"D","SD-026",2008,1
19183,"R","SD-027",2008,1
19288,"D","SD-028",2008,1
260101,"D","SD-029",2008,1
18832,"D","SD-031",2008,1
20199,"D","SD-033",2008,1
283547,"D","SD-035",2008,1
271358,"D","HD-001",2006,0
260031,"D","HD-002",2006,0
260033,"D","HD-003",2006,0
19215,"D","HD-004",2006,0
19579,"D","HD-005",2006,0
19953,"D","HD-006",2006,0
260043,"D","HD-007",2006,0
20229,"D","HD-008",2006,0
18104,"D","HD-009",2006,0
18074,"D","HD-010",2006,0
18111,"D","HD-011",2006,0
17586,"D","HD-012",2006,0
271375,"D","HD-013",2006,0
260065,"R","HD-014",2006,0
18265,"R","HD-015",2006,0
260060,"R","HD-016",2006,0
18339,"R","HD-017",2006,0
18377,"D","HD-018",2006,0
271386,"R","HD-019",2006,0
271388,"R","HD-020",2006,0
271389,"R","HD-021",2006,0
271392,"R","HD-022",2006,0
260074,"D","HD-023",2006,0
18618,"D","HD-024",2006,0
271397,"R","HD-025",2006,0
271398,"D","HD-026",2006,0
18720,"D","HD-027",2006,0
271404,"R","HD-028",2006,0
18793,"D","HD-029",2006,0
18866,"D","HD-030",2006,0
260093,"D","HD-031",2006,0
271411,"D","HD-032",2006,0
260097,"D","HD-033",2006,0
271415,"D","HD-034",2006,0
271417,"D","HD-035",2006,0
260101,"D","HD-036",2006,0
271421,"R","HD-037",2006,0
271423,"D","HD-038",2006,0
260109,"R","HD-039",2006,0
19252,"R","HD-040",2006,0
260115,"D","HD-041",2006,0
19320,"D","HD-042",2006,0
271433,"R","HD-043",2006,0
19386,"R","HD-044",2006,0
271437,"R","HD-045",2006,0
19449,"D","HD-046",2006,0
19446,"D","HD-047",2006,0
271443,"R","HD-048",2006,0
17566,"R","HD-049",2006,0
19637,"D","HD-050",2006,0
271448,"R","HD-051",2006,0
260138,"D","HD-052",2006,0
271453,"D","HD-053",2006,0
271457,"R","HD-054",2006,0
260145,"D","HD-055",2006,0
271461,"D","HD-056",2006,0
19849,"R","HD-057",2006,0
19892,"R","HD-058",2006,0
271468,"R","HD-059",2006,0
260153,"R","HD-060",2006,0
260155,"D","HD-061",2006,0
17952,"D","HD-062",2006,0
271475,"R","HD-063",2006,0
20130,"D","HD-064",2006,0
271478,"R","HD-065",2006,0
20097,"R","SD-001",2006,1
17636,"R","SD-002",2006,1
17822,"D","SD-003",2006,1
271329,"D","SD-005",2006,1
17976,"D","SD-006",2006,1
260143,"R","SD-007",2006,1
18228,"R","SD-009",2006,1
271337,"D","SD-011",2006,1
271339,"R","SD-013",2006,1
17552,"R","SD-015",2006,1
17531,"D","SD-016",2006,1
17651,"D","SD-020",2006,1
18685,"D","SD-021",2006,1
271349,"R","SD-022",2006,1
17720,"D","SD-024",2006,1
18447,"R","SD-030",2006,1
271356,"D","SD-032",2006,1
17904,"D","SD-034",2006,1
18040,"D","HD-001",2004,0
260031,"D","HD-002",2004,0
260033,"D","HD-003",2004,0
19215,"D","HD-004",2004,0
19579,"D","HD-005",2004,0
19953,"D","HD-006",2004,0
260043,"D","HD-007",2004,0
20229,"D","HD-008",2004,0
18104,"D","HD-009",2004,0
18074,"D","HD-010",2004,0
18111,"D","HD-011",2004,0
17586,"D","HD-012",2004,0
18191,"D","HD-013",2004,0
18228,"R","HD-014",2004,0
18265,"R","HD-015",2004,0
260060,"R","HD-016",2004,0
18339,"R","HD-017",2004,0
18377,"D","HD-018",2004,0
17646,"R","HD-019",2004,0
18486,"R","HD-020",2004,0
18519,"R","HD-021",2004,0
260072,"R","HD-022",2004,0
260074,"D","HD-023",2004,0
18618,"D","HD-024",2004,0
18652,"R","HD-025",2004,0
18685,"D","HD-026",2004,0
18719,"R","HD-027",2004,0
18757,"R","HD-028",2004,0
18793,"D","HD-029",2004,0
18866,"D","HD-030",2004,0
260093,"D","HD-031",2004,0
18937,"D","HD-032",2004,0
260096,"R","HD-033",2004,0
17720,"D","HD-034",2004,0
19038,"D","HD-035",2004,0
260101,"D","HD-036",2004,0
19111,"R","HD-037",2004,0
19150,"R","HD-038",2004,0
260109,"R","HD-039",2004,0
19252,"R","HD-040",2004,0
260115,"D","HD-041",2004,0
19320,"D","HD-042",2004,0
18447,"R","HD-043",2004,0
19386,"R","HD-044",2004,0
260124,"R","HD-045",2004,0
19449,"D","HD-046",2004,0
19446,"D","HD-047",2004,0
19511,"R","HD-048",2004,0
17566,"R","HD-049",2004,0
19637,"D","HD-050",2004,0
260136,"R","HD-051",2004,0
19681,"R","HD-052",2004,0
19716,"D","HD-053",2004,0
260143,"R","HD-054",2004,0
260145,"D","HD-055",2004,0
260147,"D","HD-056",2004,0
19849,"R","HD-057",2004,0
19892,"R","HD-058",2004,0
19921,"R","HD-059",2004,0
260153,"R","HD-060",2004,0
260155,"D","HD-061",2004,0
17952,"D","HD-062",2004,0
20097,"R","HD-063",2004,0
20130,"D","HD-064",2004,0
20164,"R","HD-065",2004,0
19418,"R","SD-004",2004,1
18020,"R","SD-008",2004,1
17475,"R","SD-010",2004,1
17510,"R","SD-012",2004,1
19744,"D","SD-014",2004,1
260005,"D","SD-017",2004,1
17619,"D","SD-018",2004,1
17634,"D","SD-019",2004,1
17682,"D","SD-021",2004,1
18615,"R","SD-023",2004,1
17757,"D","SD-025",2004,1
17768,"R","SD-026",2004,1
19183,"R","SD-027",2004,1
19288,"D","SD-028",2004,1
17819,"D","SD-029",2004,1
18832,"D","SD-031",2004,1
20199,"D","SD-033",2004,1
17931,"D","SD-035",2004,1
18040,"D","HD-001",2002,0
18450,"D","HD-002",2002,0
18832,"D","HD-003",2002,0
19215,"D","HD-004",2002,0
19579,"D","HD-005",2002,0
19953,"D","HD-006",2002,0
20199,"D","HD-007",2002,0
20229,"D","HD-008",2002,0
18104,"D","HD-009",2002,0
18074,"D","HD-010",2002,0
18111,"D","HD-011",2002,0
17586,"D","HD-012",2002,0
18191,"D","HD-013",2002,0
18228,"R","HD-014",2002,0
18265,"R","HD-015",2002,0
18305,"R","HD-016",2002,0
18339,"R","HD-017",2002,0
18377,"D","HD-018",2002,0
17646,"R","HD-019",2002,0
18486,"R","HD-020",2002,0
18519,"R","HD-021",2002,0
18546,"R","HD-022",2002,0
18584,"R","HD-023",2002,0
18618,"D","HD-024",2002,0
18652,"R","HD-025",2002,0
18685,"D","HD-026",2002,0
18719,"R","HD-027",2002,0
18757,"R","HD-028",2002,0
18794,"R","HD-029",2002,0
18866,"D","HD-030",2002,0
18899,"R","HD-031",2002,0
18937,"D","HD-032",2002,0
18615,"R","HD-033",2002,0
17720,"D","HD-034",2002,0
19038,"D","HD-035",2002,0
17817,"D","HD-036",2002,0
19111,"R","HD-037",2002,0
19150,"R","HD-038",2002,0
19183,"R","HD-039",2002,0
19252,"R","HD-040",2002,0
19288,"D","HD-041",2002,0
19320,"D","HD-042",2002,0
18447,"R","HD-043",2002,0
19386,"R","HD-044",2002,0
19418,"R","HD-045",2002,0
19449,"D","HD-046",2002,0
19446,"D","HD-047",2002,0
19511,"R","HD-048",2002,0
17566,"R","HD-049",2002,0
19612,"R","HD-050",2002,0
19643,"R","HD-051",2002,0
19681,"R","HD-052",2002,0
19716,"D","HD-053",2002,0
19754,"R","HD-054",2002,0
19785,"R","HD-055",2002,0
19816,"D","HD-056",2002,0
19849,"R","HD-057",2002,0
19892,"R","HD-058",2002,0
19921,"R","HD-059",2002,0
19411,"R","HD-060",2002,0
19886,"R","HD-061",2002,0
20064,"D","HD-062",2002,0
20097,"R","HD-063",2002,0
20120,"R","HD-064",2002,0
20164,"R","HD-065",2002,0
17446,"R","SD-001",2002,1
17636,"R","SD-002",2002,1
17822,"D","SD-003",2002,1
17951,"R","SD-005",2002,1
17976,"D","SD-006",2002,1
17992,"R","SD-007",2002,1
18022,"R","SD-009",2002,1
17477,"R","SD-011",2002,1
17512,"R","SD-013",2002,1
17552,"R","SD-015",2002,1
17531,"D","SD-016",2002,1
17651,"D","SD-020",2002,1
17684,"R","SD-022",2002,1
17725,"D","SD-024",2002,1
17838,"R","SD-030",2002,1
17871,"D","SD-032",2002,1
17904,"D","SD-034",2002,1
18040,"D","HD-001",2000,0
18450,"D","HD-002",2000,0
18832,"D","HD-003",2000,0
19243,"D","HD-004",2000,0
19600,"D","HD-005",2000,0
17871,"D","HD-006",2000,0
20199,"D","HD-007",2000,0
20229,"D","HD-008",2000,0
19953,"D","HD-009",2000,0
18104,"D","HD-010",2000,0
18141,"D","HD-011",2000,0
18180,"R","HD-012",2000,0
18191,"D","HD-013",2000,0
18074,"D","HD-014",2000,0
18265,"R","HD-015",2000,0
18305,"R","HD-016",2000,0
18339,"R","HD-017",2000,0
18403,"R","HD-018",2000,0
17646,"R","HD-019",2000,0
18486,"R","HD-020",2000,0
18519,"R","HD-021",2000,0
18228,"R","HD-022",2000,0
18583,"D","HD-023",2000,0
18618,"D","HD-024",2000,0
18652,"R","HD-025",2000,0
18685,"D","HD-026",2000,0
18719,"R","HD-027",2000,0
18757,"R","HD-028",2000,0
18820,"R","HD-029",2000,0
18546,"R","HD-030",2000,0
18899,"R","HD-031",2000,0
18937,"D","HD-032",2000,0
18615,"R","HD-033",2000,0
17720,"D","HD-034",2000,0
19038,"D","HD-035",2000,0
18866,"D","HD-036",2000,0
19111,"R","HD-037",2000,0
19150,"R","HD-038",2000,0
19183,"R","HD-039",2000,0
19252,"R","HD-040",2000,0
19288,"D","HD-041",2000,0
19320,"D","HD-042",2000,0
17817,"D","HD-043",2000,0
19411,"R","HD-044",2000,0
17821,"R","HD-045",2000,0
17822,"D","HD-046",2000,0
17636,"R","HD-047",2000,0
19537,"R","HD-048",2000,0
17552,"R","HD-049",2000,0
19612,"R","HD-050",2000,0
19643,"R","HD-051",2000,0
19680,"D","HD-052",2000,0
19744,"D","HD-053",2000,0
19754,"R","HD-054",2000,0
19785,"R","HD-055",2000,0
19849,"R","HD-056",2000,0
19886,"R","HD-057",2000,0
17975,"R","HD-058",2000,0
19921,"R","HD-059",2000,0
20022,"R","HD-060",2000,0
19816,"D","HD-061",2000,0
20094,"R","HD-062",2000,0
20120,"R","HD-063",2000,0
20156,"R","HD-064",2000,0
20164,"R","HD-065",2000,0
17946,"R","SD-004",2000,1
18020,"R","SD-008",2000,1
17475,"R","SD-010",2000,1
17510,"R","SD-012",2000,1
17531,"D","SD-013",2000,1
17547,"D","SD-014",2000,1
17600,"D","SD-017",2000,1
17619,"D","SD-018",2000,1
17634,"D","SD-019",2000,1
17682,"D","SD-021",2000,1
17719,"R","SD-023",2000,1
17757,"D","SD-025",2000,1
17768,"R","SD-026",2000,1
17781,"R","SD-027",2000,1
17798,"R","SD-028",2000,1
17819,"D","SD-029",2000,1
17866,"D","SD-031",2000,1
17900,"D","SD-033",2000,1
17931,"D","SD-035",2000,1
18040,"D","HD-001",1998,0
18478,"D","HD-002",1998,0
18832,"D","HD-003",1998,0
19243,"D","HD-004",1998,0
19600,"D","HD-005",1998,0
17871,"D","HD-006",1998,0
20220,"D","HD-007",1998,0
17900,"D","HD-008",1998,0
17931,"D","HD-009",1998,0
17932,"R","HD-010",1998,0
18141,"D","HD-011",1998,0
18180,"R","HD-012",1998,0
18191,"D","HD-013",1998,0
17619,"D","HD-014",1998,0
17475,"R","HD-015",1998,0
18305,"R","HD-016",1998,0
17510,"R","HD-017",1998,0
18403,"R","HD-018",1998,0
17646,"R","HD-019",1998,0
18486,"R","HD-020",1998,0
18519,"R","HD-021",1998,0
18544,"R","HD-022",1998,0
17683,"R","HD-023",1998,0
17651,"D","HD-024",1998,0
18652,"R","HD-025",1998,0
18686,"R","HD-026",1998,0
17634,"D","HD-027",1998,0
18757,"R","HD-028",1998,0
18820,"R","HD-029",1998,0
18546,"R","HD-030",1998,0
18900,"D","HD-031",1998,0
18937,"D","HD-032",1998,0
18615,"R","HD-033",1998,0
17720,"D","HD-034",1998,0
19038,"D","HD-035",1998,0
17757,"D","HD-036",1998,0
19111,"R","HD-037",1998,0
19150,"R","HD-038",1998,0
19183,"R","HD-039",1998,0
19276,"R","HD-040",1998,0
19288,"D","HD-041",1998,0
17819,"D","HD-042",1998,0
17818,"R","HD-043",1998,0
19411,"R","HD-044",1998,0
17821,"R","HD-045",1998,0
17822,"D","HD-046",1998,0
17636,"R","HD-047",1998,0
19537,"R","HD-048",1998,0
17552,"R","HD-049",1998,0
19612,"R","HD-050",1998,0
19669,"R","HD-051",1998,0
17550,"R","HD-052",1998,0
19744,"D","HD-053",1998,0
19754,"R","HD-054",1998,0
19785,"R","HD-055",1998,0
18020,"R","HD-056",1998,0
19851,"R","HD-057",1998,0
17975,"R","HD-058",1998,0
19921,"R","HD-059",1998,0
20017,"D","HD-060",1998,0
19816,"D","HD-061",1998,0
20086,"R","HD-062",1998,0
20120,"R","HD-063",1998,0
20156,"R","HD-064",1998,0
17457,"R","HD-065",1998,0
17461,"R","SD-001",1998,1
17446,"R","SD-002",1998,1
17835,"D","SD-003",1998,1
17971,"R","SD-005",1998,1
17990,"D","SD-006",1998,1
17992,"R","SD-007",1998,1
18022,"R","SD-009",1998,1
17492,"R","SD-011",1998,1
17529,"R","SD-013",1998,1
17564,"D","SD-015",1998,1
17512,"R","SD-016",1998,1
17664,"D","SD-020",1998,1
17684,"R","SD-022",1998,1
17725,"D","SD-024",1998,1
17838,"R","SD-030",1998,1
17885,"D","SD-032",1998,1
17916,"D","SD-034",1998,1
17886,"R","HD-001",1996,0
18478,"D","HD-002",1996,0
18832,"D","HD-003",1996,0
19243,"D","HD-004",1996,0
19600,"D","HD-005",1996,0
17871,"D","HD-006",1996,0
20220,"D","HD-007",1996,0
17900,"D","HD-008",1996,0
17931,"D","HD-009",1996,0
17932,"R","HD-010",1996,0
18141,"D","HD-011",1996,0
18180,"R","HD-012",1996,0
18219,"D","HD-013",1996,0
17619,"D","HD-014",1996,0
17475,"R","HD-015",1996,0
18305,"R","HD-016",1996,0
17510,"R","HD-017",1996,0
18403,"R","HD-018",1996,0
17492,"R","HD-019",1996,0
18022,"R","HD-020",1996,0
18517,"R","HD-021",1996,0
18544,"R","HD-022",1996,0
17683,"R","HD-023",1996,0
17651,"D","HD-024",1996,0
17529,"R","HD-025",1996,0
18683,"R","HD-026",1996,0
17663,"R","HD-027",1996,0
18755,"R","HD-028",1996,0
18820,"R","HD-029",1996,0
17684,"R","HD-030",1996,0
18900,"D","HD-031",1996,0
18935,"D","HD-032",1996,0
18966,"D","HD-033",1996,0
17725,"D","HD-034",1996,0
19035,"D","HD-035",1996,0
17757,"D","HD-036",1996,0
19109,"R","HD-037",1996,0
19147,"R","HD-038",1996,0
19181,"R","HD-039",1996,0
19276,"R","HD-040",1996,0
19288,"D","HD-041",1996,0
17819,"D","HD-042",1996,0
17818,"R","HD-043",1996,0
19383,"R","HD-044",1996,0
17821,"R","HD-045",1996,0
19335,"D","HD-046",1996,0
19367,"R","HD-047",1996,0
17512,"R","HD-048",1996,0
17552,"R","HD-049",1996,0
19612,"R","HD-050",1996,0
19669,"R","HD-051",1996,0
17550,"R","HD-052",1996,0
19744,"D","HD-053",1996,0
19754,"R","HD-054",1996,0
19785,"R","HD-055",1996,0
18020,"R","HD-056",1996,0
19851,"R","HD-057",1996,0
17975,"R","HD-058",1996,0
17990,"D","HD-059",1996,0
17951,"R","HD-060",1996,0
19816,"D","HD-061",1996,0
20086,"R","HD-062",1996,0
20120,"R","HD-063",1996,0
19271,"R","HD-064",1996,0
17461,"R","HD-065",1996,0
17946,"R","SD-004",1996,1
18007,"R","SD-008",1996,1
17462,"R","SD-010",1996,1
17494,"R","SD-012",1996,1
17547,"D","SD-014",1996,1
17600,"D","SD-017",1996,1
17616,"D","SD-018",1996,1
17631,"R","SD-019",1996,1
17667,"D","SD-021",1996,1
17719,"R","SD-023",1996,1
17742,"D","SD-025",1996,1
17759,"R","SD-026",1996,1
17780,"R","SD-027",1996,1
17784,"R","SD-028",1996,1
17817,"D","SD-029",1996,1
17866,"D","SD-031",1996,1
17899,"D","SD-033",1996,1
17916,"D","SD-034",1996,1
17919,"R","SD-035",1996,1
17886,"R","HD-001",1994,0
17866,"D","HD-002",1994,0
18460,"D","HD-003",1994,0
17916,"D","HD-004",1994,0
19600,"D","HD-005",1994,0
19951,"D","HD-006",1994,0
20220,"D","HD-007",1994,0
20226,"D","HD-008",1994,0
17931,"D","HD-009",1994,0
18072,"D","HD-010",1994,0
18141,"D","HD-011",1994,0
18180,"R","HD-012",1994,0
18188,"D","HD-013",1994,0
17616,"D","HD-014",1994,0
17475,"R","HD-015",1994,0
18302,"R","HD-016",1994,0
17510,"R","HD-017",1994,0
18403,"R","HD-018",1994,0
17492,"R","HD-019",1994,0
18022,"R","HD-020",1994,0
18517,"R","HD-021",1994,0
18544,"R","HD-022",1994,0
17683,"R","HD-023",1994,0
17651,"D","HD-024",1994,0
17529,"R","HD-025",1994,0
18683,"R","HD-026",1994,0
17631,"R","HD-027",1994,0
18755,"R","HD-028",1994,0
18820,"R","HD-029",1994,0
17684,"R","HD-030",1994,0
18925,"R","HD-031",1994,0
18935,"D","HD-032",1994,0
18966,"D","HD-033",1994,0
17725,"D","HD-034",1994,0
19035,"D","HD-035",1994,0
19071,"D","HD-036",1994,0
19109,"R","HD-037",1994,0
19147,"R","HD-038",1994,0
19181,"R","HD-039",1994,0
17780,"R","HD-040",1994,0
19285,"D","HD-041",1994,0
17819,"D","HD-042",1994,0
17818,"R","HD-043",1994,0
19383,"R","HD-044",1994,0
17821,"R","HD-045",1994,0
19335,"D","HD-046",1994,0
19367,"R","HD-047",1994,0
17512,"R","HD-048",1994,0
19540,"R","HD-049",1994,0
19610,"R","HD-050",1994,0
19669,"R","HD-051",1994,0
17550,"R","HD-052",1994,0
17547,"D","HD-053",1994,0
19752,"R","HD-054",1994,0
19784,"D","HD-055",1994,0
18020,"R","HD-056",1994,0
19851,"R","HD-057",1994,0
19888,"R","HD-058",1994,0
17990,"D","HD-059",1994,0
17951,"R","HD-060",1994,0
17946,"R","HD-061",1994,0
20086,"R","HD-062",1994,0
20095,"R","HD-063",1994,0
19271,"R","HD-064",1994,0
17461,"R","HD-065",1994,0
17457,"R","SD-001",1994,1
17643,"D","SD-002",1994,1
17835,"D","SD-003",1994,1
17971,"R","SD-005",1994,1
17988,"R","SD-006",1994,1
17842,"R","SD-007",1994,1
18034,"R","SD-009",1994,1
17487,"R","SD-011",1994,1
17522,"R","SD-013",1994,1
17564,"D","SD-015",1994,1
17581,"R","SD-016",1994,1
17664,"D","SD-020",1994,1
17698,"R","SD-022",1994,1
17738,"D","SD-024",1994,1
17814,"R","SD-030",1994,1
17885,"D","SD-032",1994,1
17450,"D","SD-034",1994,1
17886,"R","HD-001",1992,0
18448,"D","HD-002",1992,0
18460,"D","HD-003",1992,0
17916,"D","HD-004",1992,0
19577,"D","HD-005",1992,0
19951,"D","HD-006",1992,0
17899,"D","HD-007",1992,0
20226,"D","HD-008",1992,0
17931,"D","HD-009",1992,0
18072,"D","HD-010",1992,0
18108,"D","HD-011",1992,0
18151,"D","HD-012",1992,0
17599,"R","HD-013",1992,0
17616,"D","HD-014",1992,0
17475,"R","HD-015",1992,0
18302,"R","HD-016",1992,0
17493,"D","HD-017",1992,0
18375,"R","HD-018",1992,0
17492,"R","HD-019",1992,0
18034,"R","HD-020",1992,0
18517,"R","HD-021",1992,0
18544,"R","HD-022",1992,0
17683,"R","HD-023",1992,0
17651,"D","HD-024",1992,0
17529,"R","HD-025",1992,0
18683,"R","HD-026",1992,0
18718,"D","HD-027",1992,0
18755,"R","HD-028",1992,0
18792,"R","HD-029",1992,0
17684,"R","HD-030",1992,0
18897,"R","HD-031",1992,0
18935,"D","HD-032",1992,0
18966,"D","HD-033",1992,0
17725,"D","HD-034",1992,0
19035,"D","HD-035",1992,0
19071,"D","HD-036",1992,0
19109,"R","HD-037",1992,0
19147,"R","HD-038",1992,0
19181,"R","HD-039",1992,0
17780,"R","HD-040",1992,0
19285,"D","HD-041",1992,0
17819,"D","HD-042",1992,0
17818,"R","HD-043",1992,0
19384,"D","HD-044",1992,0
17835,"D","HD-045",1992,0
19335,"D","HD-046",1992,0
19367,"R","HD-047",1992,0
17512,"R","HD-048",1992,0
19540,"R","HD-049",1992,0
19610,"R","HD-050",1992,0
19434,"R","HD-051",1992,0
19679,"D","HD-052",1992,0
17547,"D","HD-053",1992,0
19752,"R","HD-054",1992,0
19784,"D","HD-055",1992,0
18020,"R","HD-056",1992,0
19851,"R","HD-057",1992,0
19888,"R","HD-058",1992,0
17990,"D","HD-059",1992,0
17951,"R","HD-060",1992,0
17946,"R","HD-061",1992,0
19737,"D","HD-062",1992,0
20095,"R","HD-063",1992,0
19271,"R","HD-064",1992,0
20161,"D","HD-065",1992,0
17936,"D","SD-004",1992,1
18007,"R","SD-008",1992,1
17462,"R","SD-010",1992,1
17494,"R","SD-012",1992,1
17533,"R","SD-014",1992,1
17586,"D","SD-017",1992,1
17605,"D","SD-018",1992,1
17575,"R","SD-019",1992,1
17667,"D","SD-021",1992,1
17705,"D","SD-023",1992,1
17742,"D","SD-025",1992,1
17759,"R","SD-026",1992,1
17770,"R","SD-027",1992,1
17784,"R","SD-028",1992,1
17802,"D","SD-029",1992,1
17854,"D","SD-031",1992,1
17828,"D","SD-033",1992,1
17919,"R","SD-035",1992,1
17886,"R","HD-001",1990,0
18475,"R","HD-002",1990,0
18460,"D","HD-003",1990,0
17854,"D","HD-004",1990,0
19595,"D","HD-005",1990,0
18197,"D","HD-006",1990,0
17899,"D","HD-007",1990,0
20243,"D","HD-008",1990,0
20278,"R","HD-009",1990,0
18089,"R","HD-010",1990,0
18137,"R","HD-011",1990,0
18173,"R","HD-012",1990,0
18213,"R","HD-013",1990,0
17616,"D","HD-014",1990,0
18108,"D","HD-015",1990,0
18302,"R","HD-016",1990,0
17493,"D","HD-017",1990,0
18375,"R","HD-018",1990,0
17492,"R","HD-019",1990,0
18034,"R","HD-020",1990,0
18517,"R","HD-021",1990,0
18567,"D","HD-022",1990,0
18600,"R","HD-023",1990,0
18639,"D","HD-024",1990,0
17529,"R","HD-025",1990,0
18683,"R","HD-026",1990,0
18717,"R","HD-027",1990,0
18755,"R","HD-028",1990,0
18792,"R","HD-029",1990,0
18884,"D","HD-030",1990,0
18897,"R","HD-031",1990,0
18935,"D","HD-032",1990,0
18966,"D","HD-033",1990,0
19023,"D","HD-034",1990,0
19035,"D","HD-035",1990,0
17802,"D","HD-036",1990,0
17759,"R","HD-037",1990,0
19147,"R","HD-038",1990,0
19181,"R","HD-039",1990,0
19271,"R","HD-040",1990,0
17835,"D","HD-041",1990,0
19335,"D","HD-042",1990,0
19367,"R","HD-043",1990,0
19402,"R","HD-044",1990,0
19434,"R","HD-045",1990,0
19470,"D","HD-046",1990,0
17547,"D","HD-047",1990,0
17512,"R","HD-048",1990,0
17780,"R","HD-049",1990,0
19610,"R","HD-050",1990,0
19540,"R","HD-051",1990,0
17684,"R","HD-052",1990,0
19737,"D","HD-053",1990,0
19752,"R","HD-054",1990,0
19784,"D","HD-055",1990,0
19834,"R","HD-056",1990,0
19871,"R","HD-057",1990,0
19888,"R","HD-058",1990,0
17990,"D","HD-059",1990,0
17951,"R","HD-060",1990,0
17946,"R","HD-061",1990,0
19285,"D","HD-062",1990,0
20120,"R","HD-063",1990,0
20095,"R","HD-064",1990,0
20161,"D","HD-065",1990,0
17457,"R","SD-001",1990,1
17643,"D","SD-002",1990,1
17832,"D","SD-003",1990,1
17967,"D","SD-005",1990,1
17986,"D","SD-006",1990,1
17842,"R","SD-007",1990,1
18031,"R","SD-009",1990,1
17487,"R","SD-011",1990,1
17522,"R","SD-013",1990,1
17562,"R","SD-015",1990,1
17581,"R","SD-016",1990,1
17659,"R","SD-020",1990,1
17698,"R","SD-022",1990,1
17738,"D","SD-024",1990,1
17814,"R","SD-029",1990,1
17450,"D","SD-030",1990,1
17878,"D","SD-032",1990,1
17886,"R","HD-001",1988,0
18448,"D","HD-002",1988,0
18460,"D","HD-003",1988,0
17854,"D","HD-004",1988,0
19595,"D","HD-005",1988,0
18197,"D","HD-006",1988,0
17899,"D","HD-007",1988,0
20243,"D","HD-008",1988,0
20278,"R","HD-009",1988,0
18089,"R","HD-010",1988,0
18137,"R","HD-011",1988,0
18173,"R","HD-012",1988,0
18213,"R","HD-013",1988,0
17616,"D","HD-014",1988,0
18108,"D","HD-015",1988,0
18302,"R","HD-016",1988,0
18360,"R","HD-017",1988,0
18375,"R","HD-018",1988,0
17492,"R","HD-019",1988,0
18034,"R","HD-020",1988,0
18517,"R","HD-021",1988,0
18567,"D","HD-022",1988,0
18600,"R","HD-023",1988,0
18639,"D","HD-024",1988,0
17529,"R","HD-025",1988,0
18683,"R","HD-026",1988,0
18718,"D","HD-027",1988,0
17814,"R","HD-028",1988,0
18811,"R","HD-029",1988,0
18884,"D","HD-030",1988,0
18897,"R","HD-031",1988,0
18935,"D","HD-032",1988,0
18987,"R","HD-033",1988,0
19023,"D","HD-034",1988,0
19054,"D","HD-035",1988,0
17802,"D","HD-036",1988,0
19127,"R","HD-037",1988,0
19147,"R","HD-038",1988,0
19181,"R","HD-039",1988,0
19271,"R","HD-040",1988,0
17835,"D","HD-041",1988,0
19335,"D","HD-042",1988,0
19368,"D","HD-043",1988,0
19402,"R","HD-044",1988,0
19434,"R","HD-045",1988,0
19468,"R","HD-046",1988,0
17547,"D","HD-047",1988,0
17512,"R","HD-048",1988,0
17780,"R","HD-049",1988,0
19630,"D","HD-050",1988,0
19540,"R","HD-051",1988,0
17684,"R","HD-052",1988,0
19737,"D","HD-053",1988,0
19752,"R","HD-054",1988,0
19784,"D","HD-055",1988,0
19834,"R","HD-056",1988,0
19871,"R","HD-057",1988,0
17987,"R","HD-058",1988,0
17990,"D","HD-059",1988,0
17951,"R","HD-060",1988,0
17946,"R","HD-061",1988,0
19285,"D","HD-062",1988,0
20110,"R","HD-063",1988,0
20137,"R","HD-064",1988,0
17457,"R","HD-065",1988,0
17498,"R","SD-004",1988,1
18007,"R","SD-008",1988,1
17462,"R","SD-010",1988,1
17494,"R","SD-012",1988,1
17533,"R","SD-014",1988,1
17581,"R","SD-016",1988,1
17597,"R","SD-017",1988,1
17605,"D","SD-018",1988,1
17575,"R","SD-019",1988,1
17679,"R","SD-021",1988,1
17588,"R","SD-023",1988,1
17742,"D","SD-025",1988,1
17766,"R","SD-026",1988,1
17770,"R","SD-027",1988,1
17791,"R","SD-028",1988,1
17863,"D","SD-031",1988,1
17828,"D","SD-033",1988,1
17885,"D","SD-034",1988,1
17919,"R","SD-035",1988,1
17886,"R","HD-001",1986,0
18448,"D","HD-002",1986,0
18460,"D","HD-003",1986,0
19230,"D","HD-004",1986,0
19595,"D","HD-005",1986,0
18197,"D","HD-006",1986,0
17899,"D","HD-007",1986,0
20243,"D","HD-008",1986,0
20278,"R","HD-009",1986,0
18089,"R","HD-010",1986,0
17919,"R","HD-011",1986,0
18173,"R","HD-012",1986,0
17597,"R","HD-013",1986,0
17616,"D","HD-014",1986,0
18108,"D","HD-015",1986,0
17494,"R","HD-016",1986,0
18360,"R","HD-017",1986,0
18375,"R","HD-018",1986,0
17492,"R","HD-019",1986,0
18502,"R","HD-020",1986,0
18517,"R","HD-021",1986,0
18567,"D","HD-022",1986,0
18600,"R","HD-023",1986,0
17679,"R","HD-024",1986,0
17529,"R","HD-025",1986,0
18683,"R","HD-026",1986,0
18734,"R","HD-027",1986,0
17814,"R","HD-028",1986,0
18811,"R","HD-029",1986,0
18883,"D","HD-030",1986,0
18897,"D","HD-031",1986,0
18935,"D","HD-032",1986,0
18987,"R","HD-033",1986,0
19023,"D","HD-034",1986,0
19054,"D","HD-035",1986,0
17802,"D","HD-036",1986,0
19127,"R","HD-037",1986,0
19147,"R","HD-038",1986,0
19181,"R","HD-039",1986,0
19267,"R","HD-040",1986,0
17835,"D","HD-041",1986,0
19335,"D","HD-042",1986,0
19368,"D","HD-043",1986,0
19397,"D","HD-044",1986,0
19434,"R","HD-045",1986,0
19468,"R","HD-046",1986,0
17547,"D","HD-047",1986,0
17581,"R","HD-048",1986,0
17770,"R","HD-049",1986,0
19630,"D","HD-050",1986,0
17560,"D","HD-051",1986,0
17684,"R","HD-052",1986,0
19737,"D","HD-053",1986,0
19770,"R","HD-054",1986,0
19798,"R","HD-055",1986,0
19834,"R","HD-056",1986,0
19871,"R","HD-057",1986,0
17987,"R","HD-058",1986,0
17990,"D","HD-059",1986,0
17951,"R","HD-060",1986,0
17946,"R","HD-061",1986,0
20078,"R","HD-062",1986,0
20110,"R","HD-063",1986,0
20137,"R","HD-064",1986,0
17457,"R","HD-065",1986,0
17453,"R","SD-001",1986,1
17643,"D","SD-002",1986,1
17832,"D","SD-003",1986,1
17967,"D","SD-005",1986,1
17985,"R","SD-006",1986,1
17842,"R","SD-007",1986,1
18031,"R","SD-009",1986,1
17487,"R","SD-011",1986,1
17522,"R","SD-013",1986,1
17559,"R","SD-015",1986,1
17577,"R","SD-016",1986,1
17659,"R","SD-020",1986,1
17698,"R","SD-022",1986,1
17737,"D","SD-024",1986,1
17811,"R","SD-029",1986,1
17450,"D","SD-030",1986,1
17878,"D","SD-032",1986,1
17886,"R","HD-001",1984,0
18448,"D","HD-002",1984,0
18460,"D","HD-003",1984,0
19230,"D","HD-004",1984,0
19595,"D","HD-005",1984,0
18197,"D","HD-006",1984,0
17899,"D","HD-007",1984,0
20243,"D","HD-008",1984,0
20278,"R","HD-009",1984,0
18089,"R","HD-010",1984,0
17919,"R","HD-011",1984,0
18173,"R","HD-012",1984,0
17597,"R","HD-013",1984,0
18245,"D","HD-014",1984,0
18108,"D","HD-015",1984,0
17494,"R","HD-016",1984,0
18360,"R","HD-017",1984,0
18031,"R","HD-018",1984,0
18428,"R","HD-019",1984,0
18502,"R","HD-020",1984,0
18517,"R","HD-021",1984,0
18561,"R","HD-022",1984,0
18600,"R","HD-023",1984,0
17679,"R","HD-024",1984,0
17529,"R","HD-025",1984,0
18699,"R","HD-026",1984,0
18734,"R","HD-027",1984,0
17814,"R","HD-028",1984,0
18811,"R","HD-029",1984,0
18879,"D","HD-030",1984,0
18917,"R","HD-031",1984,0
18935,"D","HD-032",1984,0
18987,"R","HD-033",1984,0
19018,"R","HD-034",1984,0
19054,"D","HD-035",1984,0
19092,"R","HD-036",1984,0
19127,"R","HD-037",1984,0
19147,"R","HD-038",1984,0
19181,"R","HD-039",1984,0
19267,"R","HD-040",1984,0
19299,"D","HD-041",1984,0
19335,"D","HD-042",1984,0
17832,"D","HD-043",1984,0
19043,"R","HD-044",1984,0
19432,"R","HD-045",1984,0
19455,"R","HD-046",1984,0
19494,"R","HD-047",1984,0
19524,"R","HD-048",1984,0
17770,"R","HD-049",1984,0
19630,"D","HD-050",1984,0
19451,"R","HD-051",1984,0
19697,"R","HD-052",1984,0
19733,"R","HD-053",1984,0
19770,"R","HD-054",1984,0
19798,"R","HD-055",1984,0
19834,"R","HD-056",1984,0
19871,"R","HD-057",1984,0
19903,"R","HD-058",1984,0
19935,"D","HD-059",1984,0
17951,"R","HD-060",1984,0
19384,"D","HD-061",1984,0
20078,"R","HD-062",1984,0
20110,"R","HD-063",1984,0
20137,"R","HD-064",1984,0
18871,"R","HD-065",1984,0
17498,"R","SD-004",1984,1
18007,"R","SD-008",1984,1
17462,"R","SD-010",1984,1
17502,"R","SD-012",1984,1
17542,"R","SD-014",1984,1
17595,"R","SD-017",1984,1
17605,"D","SD-018",1984,1
17575,"R","SD-019",1984,1
17678,"R","SD-021",1984,1
17696,"R","SD-022",1984,1
17588,"R","SD-023",1984,1
17742,"D","SD-025",1984,1
17658,"R","SD-026",1984,1
17688,"R","SD-027",1984,1
17791,"R","SD-028",1984,1
17863,"D","SD-031",1984,1
17828,"D","SD-033",1984,1
17911,"R","SD-034",1984,1
17926,"R","SD-035",1984,1
17886,"R","HD-001",1982,0
18468,"D","HD-002",1982,0
18460,"D","HD-003",1982,0
19230,"D","HD-004",1982,0
19595,"D","HD-005",1982,0
18197,"D","HD-006",1982,0
20205,"D","HD-007",1982,0
20243,"D","HD-008",1982,0
18087,"R","HD-009",1982,0
18089,"R","HD-010",1982,0
18130,"D","HD-011",1982,0
18171,"D","HD-012",1982,0
17597,"R","HD-013",1982,0
18245,"D","HD-014",1982,0
18108,"D","HD-015",1982,0
17494,"R","HD-016",1982,0
18352,"R","HD-017",1982,0
18031,"R","HD-018",1982,0
18428,"R","HD-019",1982,0
18502,"R","HD-020",1982,0
18530,"R","HD-021",1982,0
18561,"R","HD-022",1982,0
17678,"R","HD-023",1982,0
17679,"R","HD-024",1982,0
18662,"R","HD-025",1982,0
18699,"R","HD-026",1982,0
18734,"D","HD-027",1982,0
17696,"R","HD-028",1982,0
18811,"R","HD-029",1982,0
18879,"D","HD-030",1982,0
18897,"D","HD-031",1982,0
17742,"D","HD-032",1982,0
17593,"D","HD-033",1982,0
19014,"D","HD-034",1982,0
19054,"D","HD-035",1982,0
19089,"D","HD-036",1982,0
19127,"R","HD-037",1982,0
19147,"R","HD-038",1982,0
19181,"R","HD-039",1982,0
19267,"R","HD-040",1982,0
19299,"D","HD-041",1982,0
19077,"D","HD-042",1982,0
17832,"D","HD-043",1982,0
19043,"R","HD-044",1982,0
19432,"R","HD-045",1982,0
19455,"R","HD-046",1982,0
17547,"D","HD-047",1982,0
19524,"R","HD-048",1982,0
17770,"R","HD-049",1982,0
19624,"R","HD-050",1982,0
19451,"R","HD-051",1982,0
19697,"R","HD-052",1982,0
19733,"R","HD-053",1982,0
19768,"R","HD-054",1982,0
19798,"R","HD-055",1982,0
18007,"R","HD-056",1982,0
19871,"R","HD-057",1982,0
19903,"R","HD-058",1982,0
19935,"D","HD-059",1982,0
17951,"R","HD-060",1982,0
19384,"D","HD-061",1982,0
17791,"R","HD-062",1982,0
20110,"R","HD-063",1982,0
20137,"R","HD-064",1982,0
18871,"R","HD-065",1982,0
17453,"R","SD-001",1982,1
17643,"D","SD-002",1982,1
17764,"D","SD-003",1982,1
17965,"D","SD-005",1982,1
17874,"R","SD-006",1982,1
17842,"R","SD-007",1982,1
18029,"R","SD-009",1982,1
17487,"R","SD-011",1982,1
17498,"R","SD-012",1982,1
17519,"D","SD-013",1982,1
17559,"R","SD-015",1982,1
17577,"R","SD-016",1982,1
17659,"R","SD-020",1982,1
17518,"R","SD-022",1982,1
17610,"D","SD-024",1982,1
17811,"R","SD-029",1982,1
17450,"D","SD-030",1982,1
17878,"D","SD-032",1982,1
17886,"R","HD-001",1980,0
18460,"D","HD-002",1980,0
18842,"D","HD-003",1980,0
19226,"D","HD-004",1980,0
19593,"D","HD-005",1980,0
18468,"D","HD-006",1980,0
20205,"D","HD-007",1980,0
20243,"D","HD-008",1980,0
20273,"D","HD-009",1980,0
18087,"R","HD-010",1980,0
18120,"D","HD-011",1980,0
18168,"D","HD-012",1980,0
18197,"D","HD-013",1980,0
18089,"R","HD-014",1980,0
18131,"R","HD-015",1980,0
18314,"R","HD-016",1980,0
18352,"R","HD-017",1980,0
18392,"R","HD-018",1980,0
18428,"R","HD-019",1980,0
18499,"R","HD-020",1980,0
18530,"R","HD-021",1980,0
18561,"R","HD-022",1980,0
17678,"R","HD-023",1980,0
17659,"R","HD-024",1980,0
18662,"R","HD-025",1980,0
18699,"R","HD-026",1980,0
18731,"R","HD-027",1980,0
18770,"R","HD-028",1980,0
18801,"R","HD-029",1980,0
18871,"R","HD-030",1980,0
18913,"R","HD-031",1980,0
17742,"D","HD-032",1980,0
18976,"D","HD-033",1980,0
19014,"D","HD-034",1980,0
19046,"D","HD-035",1980,0
19084,"R","HD-036",1980,0
19127,"R","HD-037",1980,0
19160,"R","HD-038",1980,0
19181,"R","HD-039",1980,0
17811,"R","HD-040",1980,0
19299,"D","HD-041",1980,0
19077,"D","HD-042",1980,0
19356,"D","HD-043",1980,0
19043,"D","HD-044",1980,0
19430,"R","HD-045",1980,0
19455,"R","HD-046",1980,0
18245,"D","HD-047",1980,0
19524,"R","HD-048",1980,0
18171,"D","HD-049",1980,0
19624,"R","HD-050",1980,0
19451,"R","HD-051",1980,0
19691,"R","HD-052",1980,0
18108,"D","HD-053",1980,0
19768,"R","HD-054",1980,0
19798,"R","HD-055",1980,0
19821,"R","HD-056",1980,0
19869,"D","HD-057",1980,0
19903,"R","HD-058",1980,0
17985,"R","HD-059",1980,0
17966,"R","HD-060",1980,0
19384,"D","HD-061",1980,0
19786,"D","HD-062",1980,0
20110,"R","HD-063",1980,0
20137,"R","HD-064",1980,0
17454,"D","HD-065",1980,0
17828,"D","SD-003",1980,1
17863,"D","SD-004",1980,1
17960,"D","SD-005",1980,1
17926,"R","SD-007",1980,1
17462,"R","SD-010",1980,1
17502,"R","SD-012",1980,1
17535,"R","SD-014",1980,1
17575,"R","SD-016",1980,1
17588,"R","SD-017",1980,1
17607,"D","SD-019",1980,1
17658,"R","SD-020",1980,1
17671,"R","SD-021",1980,1
17688,"R","SD-022",1980,1
17595,"R","SD-023",1980,1
17731,"D","SD-024",1980,1
17748,"D","SD-025",1980,1
17542,"R","SD-029",1980,1
17858,"D","SD-031",1980,1
17886,"R","HD-001",1978,0
18460,"D","HD-002",1978,0
18842,"D","HD-003",1978,0
19226,"D","HD-004",1978,0
19593,"D","HD-005",1978,0
18468,"D","HD-006",1978,0
20205,"D","HD-007",1978,0
20242,"D","HD-008",1978,0
20273,"D","HD-009",1978,0
18079,"R","HD-010",1978,0
18120,"D","HD-011",1978,0
18165,"R","HD-012",1978,0
18197,"D","HD-013",1978,0
18089,"R","HD-014",1978,0
17926,"R","HD-015",1978,0
18314,"R","HD-016",1978,0
18352,"R","HD-017",1978,0
18392,"R","HD-018",1978,0
17462,"R","HD-019",1978,0
18499,"R","HD-020",1978,0
18525,"R","HD-021",1978,0
17502,"R","HD-022",1978,0
18594,"R","HD-023",1978,0
17659,"R","HD-024",1978,0
18662,"R","HD-025",1978,0
18694,"D","HD-026",1978,0
18731,"R","HD-027",1978,0
18770,"R","HD-028",1978,0
18801,"R","HD-029",1978,0
18871,"R","HD-030",1978,0
18912,"D","HD-031",1978,0
18942,"D","HD-032",1978,0
18976,"D","HD-033",1978,0
19014,"D","HD-034",1978,0
19046,"D","HD-035",1978,0
19084,"R","HD-036",1978,0
17658,"R","HD-037",1978,0
19160,"R","HD-038",1978,0
19181,"R","HD-039",1978,0
17811,"R","HD-040",1978,0
19299,"D","HD-041",1978,0
19077,"D","HD-042",1978,0
19356,"D","HD-043",1978,0
19043,"D","HD-044",1978,0
19430,"R","HD-045",1978,0
19455,"R","HD-046",1978,0
19485,"R","HD-047",1978,0
19388,"R","HD-048",1978,0
19550,"R","HD-049",1978,0
19624,"R","HD-050",1978,0
19451,"R","HD-051",1978,0
19691,"R","HD-052",1978,0
19325,"D","HD-053",1978,0
19762,"R","HD-054",1978,0
19796,"D","HD-055",1978,0
19821,"R","HD-056",1978,0
19866,"R","HD-057",1978,0
17965,"D","HD-058",1978,0
17985,"R","HD-059",1978,0
17966,"R","HD-060",1978,0
19384,"D","HD-061",1978,0
19786,"D","HD-062",1978,0
19645,"D","HD-063",1978,0
20140,"D","HD-064",1978,0
17454,"D","HD-065",1978,0
17450,"D","SD-001",1978,1
17640,"D","SD-002",1978,1
17911,"R","SD-006",1978,1
18013,"R","SD-008",1978,1
18029,"R","SD-009",1978,1
17482,"R","SD-011",1978,1
17518,"R","SD-013",1978,1
17556,"R","SD-015",1978,1
17610,"D","SD-018",1978,1
17764,"D","SD-026",1978,1
17761,"R","SD-027",1978,1
17789,"D","SD-028",1978,1
17842,"R","SD-030",1978,1
17874,"R","SD-032",1978,1
17892,"D","SD-033",1978,1
17642,"R","SD-034",1978,1
17925,"R","SD-035",1978,1
18013,"R","HD-001",1976,0
18460,"D","HD-002",1976,0
18012,"D","HD-003",1976,0
19224,"D","HD-004",1976,0
18456,"D","HD-005",1976,0
18468,"D","HD-006",1976,0
20205,"D","HD-007",1976,0
20237,"D","HD-008",1976,0
20273,"D","HD-009",1976,0
18079,"R","HD-010",1976,0
18120,"D","HD-011",1976,0
18165,"R","HD-012",1976,0
18201,"R","HD-013",1976,0
18089,"R","HD-014",1976,0
17926,"R","HD-015",1976,0
18314,"R","HD-016",1976,0
18348,"D","HD-017",1976,0
18387,"R","HD-018",1976,0
18422,"D","HD-019",1976,0
18029,"R","HD-020",1976,0
18525,"R","HD-021",1976,0
17502,"R","HD-022",1976,0
18594,"R","HD-023",1976,0
17659,"R","HD-024",1976,0
17556,"R","HD-025",1976,0
18694,"D","HD-026",1976,0
18731,"R","HD-027",1976,0
17518,"R","HD-028",1976,0
18801,"R","HD-029",1976,0
18871,"R","HD-030",1976,0
18907,"D","HD-031",1976,0
18942,"D","HD-032",1976,0
18976,"D","HD-033",1976,0
17610,"D","HD-034",1976,0
19046,"D","HD-035",1976,0
17676,"D","HD-036",1976,0
19114,"R","HD-037",1976,0
19160,"R","HD-038",1976,0
19188,"R","HD-039",1976,0
17811,"R","HD-040",1976,0
19296,"D","HD-041",1976,0
19077,"D","HD-042",1976,0
19356,"D","HD-043",1976,0
19043,"D","HD-044",1976,0
19423,"D","HD-045",1976,0
19455,"R","HD-046",1976,0
19485,"R","HD-047",1976,0
19388,"R","HD-048",1976,0
19550,"R","HD-049",1976,0
19619,"R","HD-050",1976,0
19451,"R","HD-051",1976,0
19691,"R","HD-052",1976,0
19325,"D","HD-053",1976,0
19762,"R","HD-054",1976,0
19793,"D","HD-055",1976,0
19821,"R","HD-056",1976,0
19861,"D","HD-057",1976,0
19897,"D","HD-058",1976,0
17985,"R","HD-059",1976,0
17966,"R","HD-060",1976,0
19384,"D","HD-061",1976,0
19786,"D","HD-062",1976,0
19645,"D","HD-063",1976,0
20137,"R","HD-064",1976,0
17925,"R","HD-065",1976,0
17828,"D","SD-003",1976,1
17863,"D","SD-004",1976,1
17960,"D","SD-005",1976,1
17997,"R","SD-007",1976,1
17468,"R","SD-010",1976,1
17498,"R","SD-012",1976,1
17535,"R","SD-014",1976,1
17575,"R","SD-016",1976,1
17588,"R","SD-017",1976,1
17607,"D","SD-019",1976,1
17655,"R","SD-020",1976,1
17671,"R","SD-021",1976,1
17688,"R","SD-022",1976,1
17595,"R","SD-023",1976,1
17731,"D","SD-024",1976,1
17748,"D","SD-025",1976,1
17807,"R","SD-029",1976,1
17858,"D","SD-031",1976,1
18013,"R","HD-001",1974,0
18460,"D","HD-002",1974,0
18012,"D","HD-003",1974,0
19224,"D","HD-004",1974,0
18456,"D","HD-005",1974,0
18468,"D","HD-006",1974,0
20205,"D","HD-007",1974,0
20237,"D","HD-008",1974,0
20268,"D","HD-009",1974,0
18079,"R","HD-010",1974,0
18120,"D","HD-011",1974,0
18160,"D","HD-012",1974,0
18197,"D","HD-013",1974,0
18089,"R","HD-014",1974,0
18230,"R","HD-015",1974,0
18310,"R","HD-016",1974,0
18348,"D","HD-017",1974,0
18387,"R","HD-018",1974,0
18422,"D","HD-019",1974,0
18493,"D","HD-020",1974,0
18525,"R","HD-021",1974,0
17502,"R","HD-022",1974,0
18591,"R","HD-023",1974,0
18625,"R","HD-024",1974,0
18656,"R","HD-025",1974,0
18694,"D","HD-026",1974,0
18728,"D","HD-027",1974,0
18760,"R","HD-028",1974,0
18801,"R","HD-029",1974,0
18871,"R","HD-030",1974,0
18907,"D","HD-031",1974,0
18942,"D","HD-032",1974,0
18976,"D","HD-033",1974,0
17610,"D","HD-034",1974,0
19046,"D","HD-035",1974,0
17676,"D","HD-036",1974,0
19114,"R","HD-037",1974,0
19158,"D","HD-038",1974,0
19188,"R","HD-039",1974,0
19260,"D","HD-040",1974,0
19296,"D","HD-041",1974,0
19077,"D","HD-042",1974,0
19356,"D","HD-043",1974,0
19043,"D","HD-044",1974,0
19423,"D","HD-045",1974,0
19455,"R","HD-046",1974,0
17732,"R","HD-047",1974,0
19388,"R","HD-048",1974,0
19550,"R","HD-049",1974,0
19619,"R","HD-050",1974,0
19451,"R","HD-051",1974,0
19689,"D","HD-052",1974,0
19325,"D","HD-053",1974,0
19762,"R","HD-054",1974,0
19793,"D","HD-055",1974,0
19821,"R","HD-056",1974,0
19861,"D","HD-057",1974,0
19897,"D","HD-058",1974,0
19927,"D","HD-059",1974,0
19995,"R","HD-060",1974,0
19384,"D","HD-061",1974,0
19786,"D","HD-062",1974,0
19645,"D","HD-063",1974,0
20137,"R","HD-064",1974,0
20170,"D","HD-065",1974,0
17450,"D","SD-001",1974,1
17640,"D","SD-002",1974,1
17960,"D","SD-005",1974,1
17978,"R","SD-006",1974,1
17954,"D","SD-008",1974,1
18026,"D","SD-009",1974,1
17482,"R","SD-011",1974,1
17515,"D","SD-013",1974,1
17553,"R","SD-015",1974,1
17608,"D","SD-018",1974,1
17653,"D","SD-026",1974,1
17761,"R","SD-027",1974,1
17789,"D","SD-028",1974,1
17842,"R","SD-030",1974,1
17874,"R","SD-032",1974,1
17892,"D","SD-033",1974,1
17856,"D","SD-034",1974,1
17803,"R","SD-035",1974,1
18044,"D","HD-001",1972,0
18458,"D","HD-002",1972,0
18012,"D","HD-003",1972,0
17450,"D","HD-004",1972,0
18456,"D","HD-005",1972,0
19961,"D","HD-006",1972,0
20205,"D","HD-007",1972,0
20237,"D","HD-008",1972,0
20268,"D","HD-009",1972,0
18079,"R","HD-010",1972,0
18118,"R","HD-011",1972,0
18160,"D","HD-012",1972,0
18197,"D","HD-013",1972,0
18234,"R","HD-014",1972,0
18230,"R","HD-015",1972,0
18310,"R","HD-016",1972,0
18346,"R","HD-017",1972,0
18384,"R","HD-018",1972,0
18419,"R","HD-019",1972,0
18027,"R","HD-020",1972,0
18525,"R","HD-021",1972,0
18547,"R","HD-022",1972,0
18590,"R","HD-023",1972,0
18624,"R","HD-024",1972,0
18656,"R","HD-025",1972,0
18687,"R","HD-026",1972,0
18727,"R","HD-027",1972,0
18760,"R","HD-028",1972,0
18801,"R","HD-029",1972,0
18871,"R","HD-030",1972,0
18907,"D","HD-031",1972,0
18942,"D","HD-032",1972,0
18902,"D","HD-033",1972,0
17608,"D","HD-034",1972,0
19044,"D","HD-035",1972,0
17676,"D","HD-036",1972,0
19114,"R","HD-037",1972,0
19152,"R","HD-038",1972,0
19188,"R","HD-039",1972,0
19253,"R","HD-040",1972,0
18970,"D","HD-041",1972,0
19077,"D","HD-042",1972,0
19356,"D","HD-043",1972,0
19043,"D","HD-044",1972,0
19423,"D","HD-045",1972,0
19455,"R","HD-046",1972,0
17732,"R","HD-047",1972,0
19388,"R","HD-048",1972,0
17730,"R","HD-049",1972,0
19619,"R","HD-050",1972,0
19451,"R","HD-051",1972,0
19686,"R","HD-052",1972,0
19325,"D","HD-053",1972,0
19543,"D","HD-054",1972,0
17842,"R","HD-055",1972,0
19821,"R","HD-056",1972,0
19860,"R","HD-057",1972,0
19895,"D","HD-058",1972,0
19927,"D","HD-059",1972,0
19995,"R","HD-060",1972,0
19922,"R","HD-061",1972,0
19786,"D","HD-062",1972,0
19645,"D","HD-063",1972,0
20137,"R","HD-064",1972,0
19683,"R","HD-065",1972,0
17826,"D","SD-003",1972,1
17937,"D","SD-004",1972,1
17956,"R","SD-005",1972,1
17463,"R","SD-007",1972,1
17466,"R","SD-010",1972,1
17498,"R","SD-012",1972,1
17535,"R","SD-014",1972,1
17573,"R","SD-016",1972,1
17588,"R","SD-017",1972,1
17607,"D","SD-019",1972,1
17655,"R","SD-020",1972,1
17671,"R","SD-021",1972,1
17688,"R","SD-022",1972,1
17595,"R","SD-023",1972,1
17729,"D","SD-024",1972,1
17623,"D","SD-025",1972,1
17805,"R","SD-029",1972,1
17857,"R","SD-031",1972,1
17450,"D","HD-001",1970,0
18456,"D","HD-002",1970,0
18460,"D","HD-003",1970,0
18012,"D","HD-004",1970,0
18044,"D","HD-005",1970,0
19955,"D","HD-006",1970,0
19961,"D","HD-007",1970,0
18458,"D","HD-008",1970,0
20266,"D","HD-009",1970,0
18076,"D","HD-010",1970,0
18113,"R","HD-011",1970,0
18079,"R","HD-012",1970,0
18192,"R","HD-013",1970,0
18230,"R","HD-014",1970,0
18270,"D","HD-015",1970,0
18197,"D","HD-016",1970,0
18344,"R","HD-017",1970,0
18381,"R","HD-018",1970,0
18417,"D","HD-019",1970,0
18310,"R","HD-020",1970,0
18521,"R","HD-021",1970,0
18547,"R","HD-022",1970,0
18587,"R","HD-023",1970,0
17573,"R","HD-024",1970,0
18624,"R","HD-025",1970,0
18687,"R","HD-026",1970,0
18722,"R","HD-027",1970,0
18760,"R","HD-028",1970,0
18798,"D","HD-029",1970,0
17608,"D","HD-030",1970,0
18902,"D","HD-031",1970,0
18939,"R","HD-032",1970,0
18970,"D","HD-033",1970,0
19005,"D","HD-034",1970,0
19043,"D","HD-035",1970,0
19077,"D","HD-036",1970,0
19114,"R","HD-037",1970,0
19152,"R","HD-038",1970,0
17688,"R","HD-039",1970,0
19253,"R","HD-040",1970,0
17732,"R","HD-041",1970,0
19324,"R","HD-042",1970,0
19355,"R","HD-043",1970,0
19388,"R","HD-044",1970,0
19419,"R","HD-045",1970,0
19451,"R","HD-046",1970,0
19455,"R","HD-047",1970,0
19513,"R","HD-048",1970,0
19543,"D","HD-049",1970,0
17842,"R","HD-050",1970,0
19645,"D","HD-051",1970,0
19683,"R","HD-052",1970,0
19721,"D","HD-053",1970,0
19757,"D","HD-054",1970,0
19786,"D","HD-055",1970,0
19818,"R","HD-056",1970,0
19857,"R","HD-057",1970,0
19893,"R","HD-058",1970,0
19922,"R","HD-059",1970,0
19927,"D","HD-060",1970,0
19860,"R","HD-061",1970,0
19821,"R","HD-062",1970,0
19995,"R","HD-063",1970,0
17498,"R","HD-064",1970,0
19895,"D","HD-065",1970,0
17447,"D","SD-001",1970,1
17638,"D","SD-002",1970,1
17824,"D","SD-003",1970,1
17978,"R","SD-008",1970,1
17481,"R","SD-011",1970,1
17553,"R","SD-015",1970,1
17653,"D","SD-020",1970,1
17745,"R","SD-025",1970,1
17761,"R","SD-026",1970,1
17771,"R","SD-027",1970,1
17787,"D","SD-028",1970,1
17803,"R","SD-029",1970,1
17841,"R","SD-030",1970,1
17856,"D","SD-031",1970,1
17873,"D","SD-032",1970,1
17875,"D","SD-033",1970,1
17874,"R","SD-034",1970,1
17638,"D","HD-001",1968,0
17447,"D","HD-002",1968,0
18460,"D","HD-003",1968,0
18012,"D","HD-004",1968,0
18044,"D","HD-005",1968,0
19955,"D","HD-006",1968,0
20201,"D","HD-007",1968,0
18458,"D","HD-008",1968,0
20266,"D","HD-009",1968,0
18076,"D","HD-010",1968,0
18113,"R","HD-011",1968,0
18079,"R","HD-012",1968,0
18192,"R","HD-013",1968,0
18230,"R","HD-014",1968,0
18270,"D","HD-015",1968,0
18306,"D","HD-016",1968,0
18342,"R","HD-017",1968,0
18379,"R","HD-018",1968,0
18416,"R","HD-019",1968,0
18310,"R","HD-020",1968,0
18521,"R","HD-021",1968,0
18547,"R","HD-022",1968,0
18585,"R","HD-023",1968,0
18620,"R","HD-024",1968,0
18624,"R","HD-025",1968,0
18687,"R","HD-026",1968,0
18722,"R","HD-027",1968,0
18758,"R","HD-028",1968,0
18797,"D","HD-029",1968,0
17608,"D","HD-030",1968,0
18902,"D","HD-031",1968,0
18939,"R","HD-032",1968,0
18970,"D","HD-033",1968,0
19005,"D","HD-034",1968,0
17653,"D","HD-035",1968,0
19076,"R","HD-036",1968,0
19114,"R","HD-037",1968,0
19152,"R","HD-038",1968,0
17688,"R","HD-039",1968,0
19253,"R","HD-040",1968,0
17732,"R","HD-041",1968,0
19324,"R","HD-042",1968,0
19352,"D","HD-043",1968,0
19388,"R","HD-044",1968,0
19419,"R","HD-045",1968,0
19451,"R","HD-046",1968,0
19455,"R","HD-047",1968,0
19513,"R","HD-048",1968,0
19543,"D","HD-049",1968,0
19614,"D","HD-050",1968,0
19645,"D","HD-051",1968,0
19683,"R","HD-052",1968,0
19719,"D","HD-053",1968,0
19359,"R","HD-054",1968,0
19786,"D","HD-055",1968,0
19818,"R","HD-056",1968,0
19857,"R","HD-057",1968,0
19893,"R","HD-058",1968,0
19922,"R","HD-059",1968,0
19992,"D","HD-060",1968,0
20028,"R","HD-061",1968,0
19821,"R","HD-062",1968,0
19995,"R","HD-063",1968,0
17498,"R","HD-064",1968,0
19895,"D","HD-065",1968,0
17937,"D","SD-004",1968,1
17954,"D","SD-005",1968,1
17826,"D","SD-006",1968,1
17956,"R","SD-007",1968,1
18025,"R","SD-009",1968,1
17463,"R","SD-010",1968,1
17495,"R","SD-012",1968,1
17466,"R","SD-013",1968,1
17535,"R","SD-014",1968,1
17571,"D","SD-016",1968,1
17588,"R","SD-017",1968,1
17607,"D","SD-018",1968,1
17623,"D","SD-019",1968,1
17655,"R","SD-021",1968,1
17686,"R","SD-022",1968,1
17595,"R","SD-023",1968,1
17726,"R","SD-024",1968,1
17857,"R","SD-035",1968,1
